orderId,customerId,item,quantity
d55301f3-97d8-4c36-b24f-29dadbd17aa6,f1c6763c-0a9d-4c12-b7e3-b58e888c228f,Stim,42
e009d99a-a737-4897-843f-b4a2ab4d8a9e,0ae6802c-5309-4579-bfd3-39ecbccff0b6,Bytecard,3
124f5fcf-7f6a-4167-a51f-f8a428c0bbc4,2353016c-b45e-4db1-9357-993d131eb147,Duobam,56
905d2df2-c14d-4c98-a82b-ad2e9a35fe95,3f83a985-ef84-4bc1-9356-15cf6bd16d7f,Transcof,100
d2e093de-fec0-4d4f-a69e-18d5343459ff,343979bf-821b-4668-adca-934a8e502a37,Konklab,4
1a315a33-4b07-41b5-810e-b7069c1e0a29,da6e2521-3151-40c4-98af-f9259a8b849e,Sonsing,84
a90520ae-8614-4766-b21d-a72dfb48e6df,6fc3b3db-3c8a-4646-a907-7b06e322c95c,Overhold,48
2224822a-dcf7-4480-8d16-880ee8b34878,2cbfee44-c4e8-4706-87be-43e665b1674c,Stronghold,56
52e6ce41-4a2f-42ab-9d74-cef479656a0c,18a526f9-2c0b-47f1-bffa-50f5cec6450f,Latlux,38
056ae1df-8d60-45a8-b913-9b5fdc7d728e,9e98b48e-fd2e-4a3f-a214-69fff0340452,Subin,10
0d468280-0d3c-4a5a-b5bd-ecc1291ff8f1,2a8e86c4-9404-4f1c-8357-c76fa3fc0f09,Quo Lux,67
f93129bf-e1f1-4916-9b75-e726dc5b7af9,30a10abe-b528-4002-9317-bb3f527ad95d,Cookley,19
83b3b972-d313-4839-a840-e975e72e942d,0e91c746-c573-4bfd-a8bc-7f9ab6cf2a96,Y-find,56
9c3f7360-38c0-4eda-9c66-bd85aad3d521,d2fbfe1a-09ab-472a-8cf8-9f03d74811fc,Transcof,89
c8b5f06d-1b66-4e2e-9741-71a604784f2e,fcfb66b3-eb73-4749-be12-83a22fb2e870,Ventosanzap,51
9a0d08d7-be72-42b4-b6e2-a6fe09103878,03919e2f-e546-419e-943d-5c00bb920fe4,Home Ing,82
3312bda4-84e5-4ae2-b834-0ac5dcb0171a,d31fe98e-3d53-49a4-915a-fb031850b6bc,Voyatouch,5
b900e613-65d0-47bd-a168-2455cceb2087,dd16aac6-f29c-4b84-9c09-a82defc0ee86,Namfix,58
f3509f78-f04e-4ac8-a130-3ec99323ffa7,33077d26-2641-4087-8795-8a6885842226,Bamity,44
38a27540-6b17-434c-a7db-11a371809c68,5f54d046-8392-4508-a5c4-afb993188e31,Asoka,96
d61419a3-6779-47cd-b146-79390f40fb26,49c1830d-1f5c-428c-9cb7-1a8d3831e325,Greenlam,39
6f49bc51-d13e-4c60-bc21-f581ef11aeed,7694fbeb-7a0f-40cc-a67c-7434e300b58c,Ventosanzap,8
6b677929-f149-47b0-a911-85e88021023e,b9217f5d-a2f1-457d-8c06-b4ca433652ed,Fixflex,70
8f6dcd70-f473-4dc1-8e80-075e548a6b43,55f9354b-37a4-4734-bde8-6a961d4606f1,Stronghold,77
e73b13a5-701f-429c-ba78-ec33f2aea23c,018a6155-6805-4cdb-8443-79a4f380c40e,Fixflex,2
6a4b2fea-3ac5-4779-9975-2ad0fa313cba,9bfc5ca5-bdcb-4134-ad4b-9a321809fc64,Cardify,80
35400d74-bbb9-4f66-b124-0db6ab29352d,d6a1e12f-24e9-4b56-bde7-3c10af803db0,Toughjoyfax,37
a712e053-dadf-4b98-a215-61502b9c0078,b5fed380-2135-457e-80fe-d18235364805,Job,63
9ea6b524-553e-4d6d-9254-7b48bcbf4eb3,374722d0-2b0e-4686-8333-888e10e4c878,Temp,73
ea7f349b-8dd5-4862-84a7-ffc005c688c6,a9f6739d-0d92-4c1f-b760-1490938bd1e3,Subin,37
a0ea30f3-7567-48ec-8df0-ca6afea7ee8e,95b11d31-727e-4c33-947f-e8647b120d13,Ronstring,71
0c3cfe72-ed8a-4a22-9b00-ae4ccb5efea5,1226a924-9b3e-4d66-9a2b-6d6fac2837ec,Tres-Zap,46
2f8f1e3f-583f-45e8-b853-7e780b7ef18d,62fdaee4-3bed-4f20-8498-4fa6be364cfc,Andalax,100
fb491b51-4482-4050-8c40-57cdcab0ba40,bd8c3f7a-f9d3-49e5-a6f3-a019e26c11c3,Home Ing,57
0eb8c47b-1900-40fa-a662-5a203b45bea7,a29d44c1-2d88-4167-b224-4a880f73e16d,Stringtough,4
f02a9645-1c18-462e-aab7-f14721bef92d,87330c35-c0d6-43e3-9a89-e5207461889c,Redhold,59
f8b197fe-0a8a-4d27-8661-96da7f2180a3,1ea11c8e-fe5c-428d-9a98-14a0fdf0f70c,Bigtax,70
bd719bcb-2772-4af3-928f-e59527d4d347,0d95cd25-9c06-41fe-bb9e-3b8e9a0713bd,Fintone,88
2baafc61-ce0a-4134-9f81-d0a800174e2f,db69eb25-2177-40c3-959b-892aa8df9349,It,68
67d4fe5a-e70d-42a2-ad70-89a4fb65a779,e785d37f-fed6-4b7b-ac47-0afb39f8d9ad,It,1
e3add3c9-a41b-44f7-8268-4fb494d9d9d3,83926548-2ad0-47d9-a538-cd0c0ed5d30a,Holdlamis,50
eeb2a18b-43f4-4049-9d6a-a98663a3571d,58de40cb-b236-42f2-8250-8b6ae64588f5,Zamit,33
d8dc0b13-05d7-4a4e-bdbf-f04ab6f17156,71ecbb7e-7c46-4f66-b5f5-a355f5cc9db3,Andalax,94
eca87659-1f91-4f92-9f5d-4d222e9d0554,87dd78a9-a037-4c47-ad4b-4a7d27f11d33,Keylex,80
e774ed97-22a1-4673-a08f-d0a29302f08f,6d3ae6d0-d353-41b4-b238-15760dec51ba,Zontrax,59
7acc67fc-9536-4bed-bcc1-6596f340b356,a6355e66-db2b-4673-8cb3-6b4d7aabc1fb,Bamity,98
f4bcbed2-d025-46f7-89b4-180d504dd50e,75257774-cbec-4b96-b684-ad00bf733f49,Voyatouch,28
3d59e1ed-7745-47d7-b6e6-2b171a11acb9,772c8a47-7962-446e-b1c6-f3cc2f58c14e,Sonsing,43
cb4a59fd-bcc7-491d-8cf0-9e41ea025415,6fd7ae6a-170b-46dc-ad40-d50fb77e478f,Gembucket,6
ee24f1b3-b13e-4b7a-bff6-7760b5f46cba,e58dd5f4-2d37-45a9-b4c9-031774c59470,Zaam-Dox,50
b6871648-32ae-495b-a353-11e0faa6b866,c0d71fc6-f747-4cd7-9889-44117f9848ba,Viva,46
918df93e-2271-4341-98f7-94b9ea231ae2,27b3c9cd-56c1-4518-9b12-9cd5123a0789,Temp,14
6a6d07c3-3606-416c-8718-371912362fb5,996f52c2-90a9-45f0-b501-8d4169386d19,Pannier,1
c882ef3f-6167-43d5-920c-1c5167123e24,7ed1fab6-2844-4c53-afc8-9fdc2fc969e6,Zontrax,28
7c2eea24-e771-4e47-b953-a2c20a263a6c,444060e8-0e4f-4937-b4f6-f393d0a2d8c5,Cardify,9
9e47f70e-2e51-4c07-a22a-5118c4e3b582,0756dd4d-0a54-47cd-a32f-0b03bbc78ffd,Vagram,95
e9d00c01-c56b-48f8-b11e-655041b0b8a9,db1a8f6c-9abd-4ec0-af70-5a568f72bf1c,Bitchip,54
e027f0a8-eecb-4aeb-86c4-f53f78445dbc,9cfcadf5-b177-4a52-a590-57a7bb6bda52,Solarbreeze,38
50624758-bdc0-4d94-b0c5-72428c2245db,c2b18043-a174-44dc-82d3-81e45212b0ec,Bamity,77
e1d7d713-d98b-4306-9ae8-5823b834459a,88c92fb8-0ee9-466e-a53c-a9fd1006101a,Greenlam,62
73426b25-90bc-4161-abcc-15a64d70fdce,e1dbedae-d6c4-46a7-b67b-d77268daeccd,Tresom,18
c911c705-b35c-4fa0-9e90-30fe678c9a63,9f373a51-1a9a-4ee8-b7c9-ffd0178f5047,Toughjoyfax,59
d6a8f698-5c77-404c-b9c3-ee707074efae,71c39ec0-513d-4887-a9f6-7d755e575e7f,Tres-Zap,9
e9573d00-710b-427b-967f-9c8d3686a17c,968ec557-a808-4f2b-917c-b812f0b47f50,Otcom,76
3f8e372d-6da8-42c2-b666-4b79986f5b2d,99fe36d9-ff12-4b3c-930f-33f1a5dc7e96,Hatity,87
d31291f2-b00d-4429-a206-6c5ef471faef,f0f41e7f-5045-47fd-96d4-ce11083e62f5,Domainer,51
c71848cf-6370-4a11-b3d8-a4dcd5bfa1a8,1dfd98db-9747-413f-be49-8cba41b1a8a8,Voyatouch,43
7a9bb0b7-18fc-4a5c-a44a-259e2b2bbab2,5094e1b1-b62d-481e-bb19-16767f107ded,Andalax,23
a9a8e826-f73b-4b77-80fc-30c4419e06ee,4ad8e146-0137-4378-be3a-52cc4e32e131,Toughjoyfax,12
0031ccd8-616d-4691-87d9-9c077b6cd82d,c43d307a-9f64-46cf-bb14-88c5c009400c,Alpha,20
d2bda6f4-40d4-4413-aa05-0c9610297ac6,e8a14223-f10f-4c61-821d-b6d815cfbafb,Span,32
6082decf-a799-4e25-a12c-e1f96fa3bb60,aedfdbb1-f934-4ce8-96b9-1d576f211433,Alphazap,13
fb6f55d5-3cf1-4c52-a3f2-4bdf538e4247,493eb165-3ad0-43b3-8f5b-8a04db462cf9,Daltfresh,90
fc8be30a-f291-4ce3-8963-f0433b68f71a,8bec57d7-a470-4025-baea-55febab5052e,Mat Lam Tam,63
7031e236-041d-4ba1-bfe2-817ac2f4ce4a,55ccd604-2210-4388-94f2-49de60e94859,Fix San,30
ce5061c9-edd3-4c57-9e80-3d27f3b40380,2d77d30e-9be2-427a-93d3-667995eb5d55,Latlux,77
36e0ac54-09fd-4ed2-9c1b-4e6a2bf23fcc,4590d81f-defe-455e-9c7e-1e29b9aa0f60,Aerified,65
6265471d-dc53-443d-95de-0e9953e99b84,3f7e6435-cf87-42e3-b505-20ae7c5d0c73,Duobam,85
91ffee2e-7af2-4595-9245-77df259e47ce,7d7d0bff-8d5b-411c-8d42-05a8f202608f,Duobam,54
d0c4a55c-d8df-4ee0-8d29-2553549de085,591b9aac-5fa3-47d2-8541-af095c618ea2,Namfix,26
bd23ce91-dc80-4a47-982c-0663fd38134a,da03b1c5-b519-49fc-b262-fba9f2cc978e,Cardify,74
1a75bb96-74de-44db-ac92-9ef59faf0d8d,69603ced-7021-4c40-9398-9352dee4c526,Solarbreeze,97
5830e13d-5ebb-4262-b0a0-62feafdc7239,6a949631-53d3-48c1-9b5c-f53f8d005a5f,Veribet,32
eb6fe359-c5b9-445b-8b48-c24c8a322d9a,3c1e10a2-4f23-41a0-b2f1-f645581f29eb,Treeflex,1
639a541d-1c2d-4678-bf78-d82640c14e35,8c39926f-c759-4bd2-be32-a3fd4b676621,Tresom,59
56ebac95-724f-43a5-9f84-b6ac1238dea4,8ebbc898-e68b-49fa-8eda-58213e7dbdaa,Veribet,49
9dcc8cc0-75e5-462f-afc7-8ed2e79142a4,dd431590-659e-4c16-aa40-0a681a66b50c,Fix San,52
1b6d598b-9a7e-488f-ace6-e4ae6d116bbf,10e8aeb1-499b-47ad-b9c2-6dfc0f6db3ec,Tempsoft,89
fb65cae7-238a-4960-9346-48b9b5446fb0,9f56a6ee-5f7f-4e8b-aed1-a6ea24411375,Sub-Ex,63
b46e6967-4f24-4772-8b6b-385bfb09907c,2311919a-de8d-46d7-8029-beaa221d1aba,Zaam-Dox,70
ea5e1828-faf1-4f3d-ba4d-6c2981f74c89,e4f1ad4f-5d59-4e4a-98a8-811651938d57,Regrant,1
c11422df-148d-48d7-922e-c71e216e42de,91099c7e-dfc6-4162-9c16-04a388df764c,Latlux,5
07038784-9ace-40ba-90eb-34b8f0ea709e,13fb15ad-5d69-4c4e-a634-b060733ea283,Alpha,20
bf42a9cf-2e1f-4f66-b65f-23af46286001,e9ed68b3-4091-4d33-90e6-7c710a1588ad,Fix San,55
6c9a3c22-6c1a-4067-9126-e1665e942e24,cca1437b-f533-4364-8e5e-3a5c30715ca2,Pannier,80
47b0312a-3875-476b-b1da-cffa50b38d3b,1ce94c80-f65d-419e-9a16-65e566f3cdde,Mat Lam Tam,84
845fa267-e5a7-474f-97fc-ea13013dc93b,4295dff1-76cc-4509-8a08-c54884f59c1e,Bigtax,60
29a421e0-65cd-448a-a0d3-375e0b742622,25aebf51-ecf3-45de-9d64-31ee049f77e5,Y-find,64
bb56f775-dccb-400a-a3ca-3b857a9b48a4,58c69f95-56a4-49d1-b7ea-964076e62222,Zamit,23
14ac8861-2eb8-435b-9587-f7de4aa552f3,4ec1d668-3dce-4d5f-a0f8-54bd699e3af7,Sonsing,91
51464cb6-ed64-484f-a742-d7e1098b0cd7,21be3cc4-785a-406f-9d05-efb190fbadde,Stim,96
0664850f-9601-4c7b-80c0-ccf6e8166822,86c6e2e7-9278-4f72-8339-2ba4d014152c,Biodex,48
965155ca-2483-41f9-9ee2-43930c78ba4f,6d626342-ae67-48e7-a92d-eae44b1c65d3,Konklux,98
fe20baa5-1b7c-46b2-b34e-9a95c9e1d670,d2f2b618-7944-452a-b5c7-8ba27108f383,Zaam-Dox,72
79df91a9-b1cd-49e2-958f-99405e656db4,ba09a4ec-8f9c-4f88-b3f9-19beaba5748e,Matsoft,100
87e84dfb-3835-4ddf-953e-5cf3b4c6bf31,b22e4329-8969-40f8-8c31-211a35dd399c,Treeflex,70
96c44bc9-bea2-4f42-a43f-12bb7d4d7b78,ed619d92-54fa-4af5-bcc2-e30ea8d86dad,Bitchip,76
81082835-39ec-40d6-8c20-cbcba95c114c,f718d91e-60bf-4cb1-8c22-ed155a586b10,Ventosanzap,81
afcbcd65-daf2-41a1-9565-ff25e7b0519f,eab323ae-b50e-45f1-b8ab-6264b548eeb7,Opela,7
66da6784-6e2c-48d5-b121-2647985a69ba,dfdf321a-1530-49f0-a249-b5b01a035c71,Regrant,39
ae8a9615-d102-4b53-8ad4-ef37b41974c3,f82cbc09-eb2a-4b0c-af8d-6090d3b169d3,Sub-Ex,89
eb098e5c-70f7-44d2-ad4f-1ffed780bbb1,74cd9fe6-e5f6-465a-9f21-8ca52f63db54,Tampflex,31
41a2d18b-2bf8-4963-b7e4-fdee49c5ba99,2ad9ab25-e69d-401c-8018-7489061de3eb,Tin,29
71fac1ad-7f8d-49a9-9567-2faf48b4f953,38256ae2-baf2-49db-bd22-b06d910f1c64,Sonsing,15
f32853ea-5ef3-466c-b216-1fdd34ec5570,37cb2606-02ab-44f2-9c39-214c244dff9d,Bigtax,66
d13091d2-afc9-4238-a354-87cccdd88651,51a5154f-1dd4-4ada-a97f-3f025e4a6ea2,Redhold,65
9d62a6b2-27a4-4f3e-8345-52a563974f23,b4cfa229-be98-4598-86d3-c2e1cd6dac92,Bamity,98
69c64be7-72f9-4acd-9570-aaf0b6a42b73,824387e1-b228-47cc-b563-9b8926cb7e3a,Duobam,12
9c53e345-d77b-45a8-ac81-79ebf70e1e91,8156cc2c-f96e-4b2b-8b7a-279c131a90a6,Wrapsafe,70
0972539b-52e3-418c-a98a-ba3c001826c6,1271124d-1bfd-4132-a15d-a290ede6ac4e,Duobam,47
7d927870-4ca0-4700-849c-c0bebd08f443,c23d9371-42eb-40e3-ac6b-a7273276a2af,Voltsillam,30
b9af1114-52db-4569-8d4e-f412b20de47f,fb41500d-c8ce-4c8b-9967-52dfaa3d96be,Alphazap,46
7ddb49ef-c15a-404b-a1a9-a0972a7d845c,1d0cda7f-1441-4a9e-8d6b-2dc4fda74258,Stim,88
27ff6dc1-7540-4859-8207-e3df2fc4e89e,01040b16-0e65-4456-b388-65fd65525f58,Overhold,16
cf4475ef-211c-4407-b380-01b3c48588ae,54e87a04-a461-48e8-860c-f12c03e3101a,Wrapsafe,97
d5cb1b19-0ce6-4b61-9ad9-1955121f8c36,a2c84489-f47e-49a4-a2fd-5ec189f5091c,Span,98
a8a00479-b0b0-4213-8157-6303d00352fa,c08fcd84-e315-422f-8e85-0048b930b321,Tampflex,100
9f131812-1222-451f-9d99-f739effe3bd3,0668209c-a582-464f-acb4-d26e56219332,Y-Solowarm,46
1c7d49ac-26ba-476e-93b5-694dbe35d06e,d5abe66c-c200-4765-ae01-f7f3e1bf92ed,Vagram,39
a3373d4c-a7a4-444a-92b7-fe55f6489ff4,dfac5e47-9d5a-4469-b455-36d140b6bf3f,Namfix,30
a2ed1b1e-5d02-4770-9d74-dc2a65ec5c4a,0600d9b2-48c9-4d2b-ab37-299329743073,Lotlux,80
8c3f3baa-97eb-4d28-be5c-d8e1ee6272e1,107467b3-26db-4e30-ada5-df161e0513cc,Sub-Ex,38
63f91b3a-5cb8-4720-befc-1444cff700e5,4168f466-610d-4d60-ab86-44683d8281de,Fix San,83
63567a3c-4af9-4fa0-a6cf-2701d84102fb,478df186-6a18-44c8-915a-be773ae4557b,Veribet,62
f442c220-60e2-4198-8be7-30436f2571bb,babcf22e-f5c7-4906-b8ff-f03c50a53b21,Span,17
903b2dcf-b422-484b-9bf5-d493b41bf05a,95ce3b78-1d45-4e03-b086-a83b4bdd3559,Solarbreeze,63
ca5244f2-91b7-474b-b0ab-01a3f4c358e1,ff81968e-a57e-4b88-836e-dcd6893de291,Ventosanzap,75
3738aa4b-3a57-46e9-b0f0-18845b083e15,92e068d2-1a66-47f8-9d7d-19d105ad6e4f,Sonsing,93
127dc1bb-4632-49ee-adb7-6461d95e5d63,e583f5f7-1c68-42fe-bbd3-984664609f96,Y-Solowarm,48
84d7078d-b114-4f49-892a-6e8691f44a5b,2ab897d0-2032-4830-a8ac-250f64a93909,Tresom,78
e358dbee-4b4b-4db5-8d45-6b10b1b5b28c,d2a4a128-8db5-4cb0-8924-e158e8d6ce4e,Voyatouch,89
7ef02240-6128-4d54-abf8-9d1a196f13fc,aa797182-58f2-470b-ae80-5f3a22d06b72,Domainer,88
cc294d76-9937-4b37-b297-1a2771e63884,c4c30f23-72f9-4767-9c23-eb532b966ded,Rank,11
36e09afd-5ed1-4c25-97f1-0e537851d54f,9c251dcf-0ad2-42bf-90ec-0ef2c5c455dd,Duobam,22
39030f47-6598-4d7e-9c94-aeec0d8ddc53,335b401f-1c43-423e-95ed-801bf5d6883b,Domainer,10
72ff2544-b5d8-4ee8-bd9e-20ac2adbb954,3f20fd13-ff2e-4f0f-9daf-898f7133d85f,Voyatouch,4
cd8141b2-a510-4a53-9575-1a42f1cfb9a8,8e3016b9-7274-473d-b019-be7690125319,Andalax,77
8889ee54-7f69-4b0d-8c1d-8dde9e95e963,13b8d5ee-d91e-4f37-ab1e-cb9a780a2a98,Vagram,13
1c408c62-9d58-403e-99bd-2bb03444ef25,d417be5a-3473-4980-a074-cae3084a9055,Bytecard,83
47a17290-9bd5-4662-94da-79217ac5a649,71e4ad63-bb94-4fb5-9935-2b7ffc8a53f3,Solarbreeze,80
0f114702-d01b-4dae-a77b-30dd4f7c0fb9,2f5fa06a-16a3-4df2-a25f-9db7062be950,Toughjoyfax,97
e31ae857-69b4-47c6-b767-dc6268573a07,5285440c-74e7-4d0c-8462-729fc3b30817,Fintone,16
3866cf33-796e-4f49-9de4-65f441847cbd,621c9a1b-3c07-41fd-90e6-3e6e1a147586,Wrapsafe,42
ccd6b219-2b3a-473c-a4fe-975ae63068b8,13a84354-8a03-488b-8df0-d7acf87ac2e4,Sonsing,89
b9d3bde7-3761-493c-b5b3-0742fb1de1ed,ac47f5c2-0a8b-4b7e-ab4f-dfd985b2bc10,It,43
f1eda3ff-1969-4729-a8cb-956dc949a065,e7f47255-207b-4d7b-91ee-5d7bacb9a15b,Voyatouch,42
255c0cbe-90ab-4c12-bca3-cd7d25a9307d,bfae8f69-23ba-4788-a07c-85c407cc3c8d,Otcom,63
25b00928-13b6-4962-b108-8d6f7499df2f,454211f9-8004-4005-a58a-63f984c58c31,Fixflex,81
d56bd45f-7f0f-468c-b57f-dcc5137355fc,618585be-d316-40ac-8a62-8b4633fd99d1,Job,94
8af129fd-bfe8-40d1-8995-69b840f3b0e8,0f5dd343-1401-4042-80d5-a26554bd382b,Solarbreeze,70
64035f97-177c-46cd-8ae1-fc9cc31425b4,7c13c7ea-9503-4efc-8ead-db6d4ff16350,Span,12
2555da07-de1e-46b0-8cee-004b4eaa5f4d,c2115f80-4016-43f6-8161-9a802d777fc1,Tin,69
5ff5e470-f23b-499c-b39e-d014c93d7a58,03528567-e3f1-4a8b-886b-a209ca2a8829,Cookley,97
d58b90db-17f6-4082-9aed-f593d2f21963,ef63c799-63fd-4bf9-9933-8cb17071b519,Gembucket,25
2501e013-6652-4a6c-8371-b3cfc7338cb5,ebf38921-e29c-4420-bb1b-650f393feff6,Zaam-Dox,24
4d3e4b46-39f4-4190-88ea-7da5fdbd7bb7,2611cf4b-184f-4e7d-9714-108422632cb5,Trippledex,16
4cf9f3f7-97de-4ffb-9064-100767071f6a,9480037f-ad9e-45e1-a8e3-82d4e6dfe507,Namfix,37
1959711e-1216-4871-aa23-614328b180a9,e6a1dd9f-fa30-4948-82b2-4f7d70e61f6c,Ronstring,100
8c8caf99-f4ef-418f-86d4-d510d2d15f34,3a88f551-ed65-43c9-a0b3-104ff7d71bfe,Toughjoyfax,5
6debd10e-4f06-48a5-a5de-18a2a3b8d222,b4b401f2-4f41-4d9a-85bc-fa0649904856,Wrapsafe,23
3ba24840-5dbd-4479-991c-04a04558b245,7ac4ad85-455a-4d24-8e8d-eadf042130b3,Zontrax,16
cab71850-2cbf-4e32-9a24-0c14895753d1,70e52cfa-acc8-4268-9682-cc177ddb970f,Holdlamis,41
158fe660-cfd9-4e69-8ff8-9e96675d6787,4cbf468e-a67c-485a-ae01-9a877df6e1bd,Rank,81
1b47b4e6-d235-4c00-985b-ef8b7693d0e9,d6401c62-cb7c-41b6-9843-58b2ef4539b5,Vagram,85
d12c4162-49c2-473e-a09c-cb6cb449be37,d5ba02db-8a1e-43b3-8d02-b4a49d12a7ff,Rank,89
3704f97f-e4a8-40f0-a94f-1f92ff9dcaf1,5817d085-c22b-463b-9897-0354f4d2a3d7,Veribet,93
923ba9ad-5b2e-4a00-8a4e-72693303e878,885be825-270b-4dbf-8734-69bd729f2edc,Stim,24
3899ddc4-82cb-4f23-afbe-c0f1bcb36379,aaee4c12-beaa-4d7e-8a4c-2be9d9e04274,Bigtax,11
dfdfd4d6-f20f-4168-b35a-7305584541c5,c8c3b143-ec96-44d0-851f-e509b9d483ac,Trippledex,26
b009125f-ea18-41fc-a754-82e2a4c5370e,081521c6-2156-4d5a-9929-460f39eb139a,Flexidy,99
9ef5205f-cf41-48b7-9e45-58b9348b7838,be7000f6-00cb-402a-96c2-5eef28cbfd52,Ronstring,30
7b003d6e-fda7-4fb1-8e85-91ec59d99b51,57f0a5bb-6309-4a5a-acf6-d097bbbd6d3f,Zathin,28
2dd13ac5-ae8d-4cd6-a874-92de83bb1c84,e8ca2844-1068-42a0-ae4c-2a5b889de90b,Zamit,66
0557aae7-b2d6-417f-87ab-872a24962f40,dcfd3bf3-cf04-43dc-a43e-4f94c3eee816,Flexidy,3
6ab10653-6b89-4df7-9e69-bca90fb40840,3d124b40-6765-47bc-af03-f2769d10eb8c,Opela,22
35471dfe-1acf-4874-a7bd-719d009a389f,f890d3be-719c-44ca-a3c1-68559ba203e3,Quo Lux,28
1697ddd6-2fae-443d-b5d7-55b36741a3d8,12d8f5a0-771c-4586-bdff-15a47ccb4c3e,Zontrax,17
cc3e9a17-30eb-4294-b8af-014df3a24ad3,197fe1f7-77d2-487d-9f76-9f89b4e131c5,Lotstring,15
b3ea6b27-eb3e-4be0-a640-ba166ce822bf,f52115f0-489f-4c02-bd35-6fdab967d22e,Mat Lam Tam,100
95f55853-4b64-4e9a-969e-eb01e0b4e2cc,46e847e4-ffd8-449c-9be9-c4b918b194df,Gembucket,93
63478d43-eaf2-4059-946d-ad05f362c5cb,8123f96c-21c4-4ad7-9063-02073ba5633c,Sub-Ex,82
72f6ffb2-61bb-4dab-a4a3-d3c92be06845,b1fe2f77-5f0f-4c2f-a8b6-3b6280d95eb1,Span,27
72975dbc-4bb9-4721-8115-57e73dff769a,02a0d368-a8ae-4a45-8e9d-e4fe3256a119,Regrant,36
d7355b24-9e99-4d55-a611-035852b6d4a2,81e1dbed-56a6-43c0-a529-7219c55fdbce,Tampflex,1
24f850e8-b27e-41b6-9006-9997b8752fe8,c0a34271-8f98-4c1c-a99b-8bc67c33a961,Bytecard,52
fc534c21-f1a1-4a14-bbea-8f00bdcb9328,45217c88-5594-49fd-bd19-9d1653635fcd,Toughjoyfax,69
b7a030cf-af0f-4d9b-b8b1-0c9398dd4c40,3962e962-3ab0-4dfa-a2e0-2214e45ac892,Fixflex,50
518cf89c-0768-46e6-8662-bbbd62ddf467,a36be762-6cbb-47a3-8639-06415dd5bd7f,Otcom,85
d03a7946-d6d0-4432-9a42-581869addbe4,14171780-fa84-47d8-be8a-65d1ba504d7d,Subin,93
2c384201-c406-47c2-bb1a-b67996fda993,f9a3f4a7-1e6d-4d4e-a0d0-21492e6a3234,Sub-Ex,74
9a1d24c9-0e95-4482-ab79-06ebaf7d77c2,94b880e1-6c39-4e2c-84ea-26c99a24a127,Zontrax,98
a1de2d01-e909-4720-a61b-9d97c5d6e607,fec44465-32d2-4449-a488-73ffda7d7506,Trippledex,83
6179d9ed-49be-42ef-96ba-8dfff309f522,fe6bbfea-6d8a-4507-8683-4683ce613074,Quo Lux,28
cbc88460-bcc3-4234-8e29-4eb30183a659,36b64d26-0e15-4ce4-aa70-bd00023de164,Duobam,82
2b2cb089-196f-4585-b7c4-2b8fa21ce74f,2df712f0-6e85-4fd8-a6a0-bc48f1cbeed5,Tampflex,10
4c1e009e-894a-4391-8af2-e798a7776e1d,7be3dd22-1360-4684-a7c7-27be21dd724f,Temp,66
1799f7eb-fbdc-482a-b585-2b794213c13b,df6c95a2-4d1a-4a3c-a892-ac004cda65e9,Cardguard,94
393a1575-d9e4-4a3a-b999-da9b6cfeefa0,d2bcb834-2f24-42ee-9b37-e50cb12301df,Mat Lam Tam,52
7c88135a-ecd5-4829-a61d-9749c8fdc531,571b99be-7c3b-4a41-af45-52540672f0fc,Temp,46
18e28ec5-1f29-4821-afdb-92afcd724183,b363cb80-d6cc-4851-857f-536e302d5d89,Tampflex,15
cafac9ff-00d6-4b51-a83d-fda784abf9e8,4e6114a6-345e-4e37-9b04-ea3c1cb545fd,Mat Lam Tam,6
41375c34-3a1a-4167-8bb4-1ae3871e6125,aeb1ad0a-d864-4b8c-853d-acf5e619c495,Fintone,5
615cf6f2-1e5b-4572-8012-80be73f7fcf1,f3657235-6b39-4a87-bf20-9964fe709c40,Flexidy,78
cbf0bd20-daf7-45f5-a7db-5fa053fa3c09,a206cf3e-2098-4b12-b8d6-df0cc3faefbf,Lotstring,95
1f6ce132-fa26-4223-880e-2c135e7b5e9e,c00d96c2-ef60-41f7-8a21-9d98f18945e1,Duobam,100
88e602c0-b67d-442b-bb92-f664169941e7,424d41af-114e-44bf-b96b-e099e5495ee2,Cookley,71
0a105d73-4ba5-4506-ab11-10640cf78448,5f18ac3b-4067-4db6-8a5e-1360bb83bf5c,Fixflex,70
de61a8ea-f2c0-4185-9a5b-ed948d994d8c,e0afe6af-b167-4fa6-bce7-6bb7f345c3a1,Prodder,55
f3ef8450-5143-4815-b5e9-0f5b42c41da9,e6a3f2ae-7154-4588-bd87-98d71ca44c88,Konklux,23
be0ed8d8-9ddf-410c-be27-14f398daccbc,aa362e9a-e51d-4f3d-aa3a-7df51ee1315b,Matsoft,96
de1e22a0-90d5-4047-b0a7-d80afd906bab,6c981043-996f-4e2b-8465-5968b01309d5,Tin,16
bf9aa0ab-c4ab-4cfe-8d61-b365797dec3e,5b4878f2-8c8c-4c96-9314-9d368315902a,Sonair,28
3d372933-86e4-4576-9faa-537d351c7273,945bd173-0526-4443-a61f-7cfdcf7c21a8,Treeflex,32
ae4dc4e9-9be8-4f01-9512-7001bcb073c8,d1c31d97-266d-45d9-ba23-ea29fe7feadc,Y-find,6
2f4a1100-416e-47d0-b2a4-05fb020f69af,05edfe83-3639-45d0-8dc3-235e79886256,Stim,67
e5b091f0-6dd7-4583-a5af-1ced64da8357,2cb3e223-3ef8-417a-bd77-fd0f16a8384a,Zaam-Dox,72
baaf23e3-ee36-40d3-a584-1167c1619044,adb31707-beae-4a57-b72d-c0eddb68656e,Subin,40
e6a2cde4-f09f-42c2-8836-6999908a6c9c,92fbacd3-7280-4b53-a671-d803ec797af6,Fixflex,90
b206a962-e79b-450d-ae10-5f21f1370f71,bf76f3e3-a502-4b01-a1f6-3c7ecbe99dd9,Tin,14
046839d3-23a2-4385-b177-1fabcbf6e10c,64cdac98-7283-4898-9ef8-6c99bc020930,Zoolab,28
39b59533-c2a3-4080-a7b2-7d48bcc24592,1840dfb9-cff4-4199-98dc-3d4870babcf0,Bitchip,43
7c70e52b-f9c3-4e87-9edc-3d0580a11c71,3025855b-cc0d-4228-bbae-a5d78f14d628,Transcof,90
09c2b479-67a8-4747-94fc-dd3becbcd6be,c798c141-0d69-49e4-ab9b-0832d5fb0ef4,Wrapsafe,71
0c9bb92b-b787-40ce-8964-b04afbee4efb,767d9ade-c53a-46af-82ec-004deb801847,Flowdesk,83
ea45145d-c5de-48ac-afa2-cfa9112c8f66,3972ee59-8319-411f-b584-81e31cb7bda3,Latlux,15
7a1352ea-3371-447a-9b4d-e9e091ac3587,685eda6b-b299-4b90-a4af-ac2f3a55604d,Matsoft,90
0b21f66f-0cb5-4b87-9f7b-96b9962dfa62,a2d460b8-cafc-4d82-9bfb-f3b0d546ee52,Bitchip,68
e9e11926-b871-40ca-97f3-2ba027e27c7a,0f6711f9-ad3d-4580-9730-7781ac6d0ba0,Otcom,63
9c84d3fe-80a2-4cd0-abe1-2860ca037a3d,87e8288b-696b-4dc7-9795-7ef8154e9836,Otcom,89
516c1120-72ac-462e-80f4-4f6731194b3d,2d9e4416-a1ef-413e-a778-e25bb3eea791,Veribet,31
7ced35f3-5ba7-4864-bc44-ace0ac42e927,562632ce-1f41-4a97-a2c1-d6aeee23c13e,Cookley,62
49eab183-5508-46f1-910f-60720e16e74e,0896bf4d-8277-4df3-8187-81a2e33ddafe,Bitchip,40
eeefbbcb-0aa2-4341-893f-0dc225de7df8,5e406b7e-20cf-450a-99fe-09dcf9122d70,Fixflex,40
78278e10-6d23-45eb-bbdc-5fa61e574574,0e3c692d-3159-4653-ad39-e115e6e2c009,Duobam,37
2b021766-1881-4499-965b-ea92e2f1b074,6cd1b497-d2fd-4f8c-9646-363ac64e0d97,Kanlam,72
00cf1379-bae3-4926-81a3-0b16f2e3ae0d,a92038e6-5c59-4c5e-a1b5-d259a4147383,Stronghold,2
9968ecc7-c2ee-46b6-bab1-c31ea2800b45,d066c224-4c5e-43c0-b701-55f37ab6788d,Tres-Zap,60
fe0a3e66-1dce-4562-8764-9252e6b58b64,168fe3b5-58c4-4974-a4af-0eea829b8da2,Voltsillam,57
c71c9a07-b786-4241-9f2a-cd95c150a46d,a070354a-028a-443f-9da9-4f3ead3c94db,Job,65
7903cd2f-0510-4776-aa80-c075744aa515,b60006aa-47d5-4d00-9f65-fbea111e46df,Bitchip,24
183c38db-6077-4c7b-a993-5cdf1fa7ad61,ec203286-7fd8-4ff3-bac6-54ced8f331be,Domainer,94
33dff2c2-1d54-4257-a8e8-7edad925a650,29f30775-1c5f-4d33-bac3-50d68a92114f,Kanlam,39
12d75dc9-1fde-4ff3-9241-3f0775b3d189,8b6cbdbb-16d7-4187-80d7-b73ce46c4ea0,Bigtax,73
79038810-092c-4cca-85a0-62ee49a5b9f9,4214236c-9c2a-4f40-be61-3d88845cc3f6,Y-find,54
8ab681fc-a674-40f6-a8f7-c995043af53d,e518da61-4708-4b8d-8904-d888815bcff6,Trippledex,97
d86467e8-9d3e-48cd-9b2b-b26965216fb5,dd768421-1064-4234-950c-5b34465ac2c1,Namfix,53
7a86a448-030f-458c-8615-ea0d6d2ad283,4e7b2d41-b633-4783-8131-74af0aef5767,Y-find,100
1343f7e3-745d-4c94-9511-1dcd22d503e3,8ffcbd0b-767f-4af5-9447-aa54fbedb36f,Flexidy,79
c6dc0d7b-3da1-4c83-bf17-d4867bda44cf,40cf6d3c-40d2-437d-8d00-781e10ad2ec9,Quo Lux,69
f4d87bab-e761-4303-a1a0-68f6ff6a2172,ae6699bb-9a78-4781-869f-cc5babf6c3ed,Flexidy,44
725a1819-d209-4d39-a51a-3c10ef3659bb,aae2d77b-70ed-47d2-a47f-5b5c607f80b9,Zoolab,12
cf97d82a-1595-43f2-bb53-dd05262854eb,fbfd67b6-b7e5-46ed-b16d-1273c44adfaf,Stronghold,20
8d372cd2-1c9d-4d70-9206-18ad289e2c5d,a84b097f-da5f-4f06-a200-99cac06569a8,Sub-Ex,82
5d451808-757f-411c-a5c0-19aec0a68a27,24336dd7-e3c7-4ccb-baf7-4c92ccb8991c,Cardguard,20
1e3c8d75-1ad8-444a-bd97-b7fcd8bccaf0,c8869b27-733d-4772-b185-c063fac540d4,Pannier,45
19f12177-70ef-4af6-a0c0-bc8131a9023b,c620704b-ef93-434e-a183-e017c1209ed7,Latlux,81
2fa2f461-32f7-4553-a70b-bb6ef3a2bdbc,38823f81-64f6-4dbb-bfcf-09b4c8ab0e69,Biodex,17
0743efec-5c78-4bd0-8a7a-851edaa5fb29,4b55bf55-653c-41b3-9d76-ab63a27c893d,Stronghold,88
7c2da0b1-efd7-4826-947b-ed2716e68df4,fb732c3b-0819-4ceb-9e00-d4c664fc7ac6,Tin,59
3bdba818-b3fb-493a-8b16-3497896cf8be,044303a8-44d2-466a-9801-28a0d4f4a0b5,Stringtough,98
aa226819-7809-4440-9f45-11c7bd0b6b05,9f0588ff-09da-449b-a5f3-ce2a66244bc6,Stronghold,95
fd2bb4d2-f760-4b27-989c-3a9c8003ab2b,31c9dc3a-d6c5-4115-8b2b-8ab019a4fa88,Stronghold,17
f1c70a3f-d0a9-4cae-885a-317766111196,6ab3e909-f80c-4a2f-b0ff-aac2c0ebc36d,Subin,67
ea3848af-3c80-49c8-b50c-eedcbacff373,c21a56c0-1e1b-4d80-a530-88d7c83d7da1,Duobam,18
f9ffdf1e-ea82-416e-8dbb-16fcbd0a15fa,6876e79c-e036-46dc-bc24-89134fc0587a,Stringtough,85
f423728f-016e-47d6-8935-22e68aad341f,40c83542-8f24-4969-a154-56715cd4384e,Voltsillam,41
667e5c3e-0f48-4af5-b60b-a49ae30caa7b,91ecf037-1515-4017-bf5c-c60aa8593895,Y-find,20
78f7c256-f8fd-45b1-8b4a-f464c38afda7,b946f7a3-40e7-448d-97e4-a01776e0b545,Gembucket,38
f9d0778d-e384-4a2a-9ebe-cf0a2714d557,e34de07d-79ea-45db-9198-a9ea9f925ec7,Job,77
606082a7-cf90-4ed4-877a-0226f7cff1ae,f2e1707c-2a34-4499-9de7-f43c716f1413,Fintone,20
ba17c033-503a-4fb3-b1f8-0c7e390abc69,f5c6e226-4f17-49a2-b552-a528b03726df,Prodder,70
82926c59-2c69-497b-9152-194a4a6d7233,fba1c62f-0ac5-4167-95cf-58b757bef5dc,Hatity,45
18cc062f-ea92-4854-b3d6-93c983f7f74b,47418f2d-b1e0-43c7-8ee3-c56d27ac3d98,Sonsing,16
1cfc182b-10e6-402e-a018-969432438d45,028863fe-14db-490c-8d2f-cc4d0cd29ebd,Ronstring,17
9bc52580-58e1-4b43-9603-2d03ae0463ac,3ce96ddc-63c7-4dc9-bd3f-663b9a326c2e,Y-find,32
9d3952f4-c688-49ad-a956-a18642154407,8b38a2a7-5531-4261-8b67-9920033203e8,Prodder,73
d28c17e0-55dd-4236-b57d-56e089846be8,01895783-4982-4c2a-b347-1aeb71c2339f,Sonair,94
5c9c8ea4-9496-4570-9f6f-e1544ba6a419,7a348725-d390-4e5a-b1f5-2962ff4eb3ec,Trippledex,88
d2f72e0c-7251-4b77-8218-94891afe9783,86ce0e90-50e0-4164-87eb-315dfe2c40e3,Greenlam,89
7d4f1957-1664-4909-9d30-fa1ff4a3e921,4b19e5c3-da46-4f18-88ac-8ad1b6758a44,Flexidy,75
88965ca0-17d8-43b6-bdf2-a1e19b81c4aa,6ec169fb-a773-4217-b1ce-dd0ea962dc48,Stim,45
1cdac210-2881-447f-8418-19002f67fc1b,cb4a6910-8ce9-4665-a631-d36bf9a956e4,Zoolab,88
306eb489-fbf8-46a8-afd3-85c718d9d5be,0019aab4-e13e-4864-a11b-7b37f1d370f5,Flowdesk,87
5e98bbc8-94fb-4c17-add8-ffbfec0775c4,47f5936e-f58b-4ebf-b2d3-70846b3f27f5,Sub-Ex,79
08e5a116-6d22-48bf-80da-8ed2c6141f5e,ff143c0d-6ca2-4625-9291-6b72b2271e96,Wrapsafe,61
a0f7bbf5-0283-40a1-aac9-ac4f4fef0cfa,e761dd8d-3cf6-4593-8ba1-95f7e2fda099,Gembucket,23
269a22fd-ef94-465f-a54f-c96c48d674b0,f9de50c3-33b5-4244-8349-4fb17c6cccb4,Holdlamis,73
bc6fdfe6-7911-45b1-8833-c2035f652f63,71c96d9f-54ae-4644-b37b-e8697922d1cd,Solarbreeze,19
9fad3b8d-6d61-4779-ba70-f96a377d8861,7020b38b-559f-436c-bc4e-fe54bb2e60da,Overhold,22
c3b8ae1f-2b95-4b18-b815-60ea286644a9,2f1785be-e1be-40ab-9cf3-c81db78af353,Holdlamis,68
8b4362dd-7166-40bc-8b74-22c812093221,97b6267a-730f-4ed3-82c2-4dc6dbca3531,Daltfresh,27
90eb50a4-393d-4247-b956-9ef90ebde9e7,8a3c396a-0e0e-4a41-8d50-bd1f6fa7c93f,Latlux,74
1b26bd3d-204f-4775-94ca-a6a66fdf1146,aefc9219-a334-4c83-92c9-81fe4bcac194,Cardguard,96
7c9dc51c-e26e-4dee-8ab0-416e856dd0f6,b9962e45-5581-457d-9bc4-2a4315906098,Y-Solowarm,63
2fd8417a-abad-417c-bfdc-8b18e5ca5f58,d2fea3e7-759d-4313-be5d-32fc40114b54,It,41
fe2d71ef-6408-4eea-b2f2-0e93a2f4f798,58295a6d-9add-4508-ba77-2bce430d14c3,Pannier,72
95ccd03e-f76c-4a72-901a-1f43a7783531,751978d0-a344-43e0-a831-fe9a040eaeaf,Flexidy,92
f55ac609-5482-4e3d-98d7-e8b9d8d7e180,739c6775-c3f9-4aa4-8d1d-3f05a7241b02,Tampflex,1
483f7d7a-8123-4ec9-b02e-8af3edf5f560,a4e435fc-95ff-4c1f-8a75-d7729a8f5fd5,Flexidy,15
baf99c94-2d48-4a2d-b8b9-84c62ec2d085,a327ad14-1f86-41ac-ac53-91131c69629c,Greenlam,49
6af38f1d-1cdc-44d6-bc7a-957885b91648,c3bf88f9-53a1-47c4-990b-66fda599ddac,Fixflex,51
16464f6e-79fe-468c-815d-b30f4982ddf1,546602f1-9ed2-4785-b112-c404449451e8,Prodder,46
96ba7bca-5388-4099-9fd3-bf8579ee91df,43195c67-0fe4-4609-ab08-1ffe057f7bf4,Gembucket,14
837183d9-b89b-4bfb-ac75-c631101b8f33,46c83aa1-83cc-4e29-9062-1892e4e198f3,Cardguard,58
8bfad940-1ee0-447c-a66a-cc70fa36495a,fba78cfc-e94c-4f18-98e0-9b7ac374442f,Domainer,90
0f115020-df6e-4e12-9863-41c3258c1897,54f85176-0e25-46f0-ad31-fd317dcddb7e,Mat Lam Tam,100
4cbea1d5-cab9-4689-9d1c-31e6a6551212,f570f1c8-c462-46ab-9548-158cd8f11c3a,Home Ing,28
8e20e48f-a410-49d6-86fb-27ff2cce2b69,7149e8f0-99bd-478e-aa0e-fcd145fd0d73,Bigtax,51
5a88d99d-5bc8-43b7-ad15-41d62223722c,92e35a94-35bd-4d30-8c29-7250f8a857e9,Alpha,73
b47330ee-c849-4cef-952a-c575fe33d67a,e8257f7a-a2ab-4fa0-b054-6628601cf868,Bamity,68
64bfa1f6-6c5f-4c32-a874-7efd6724a6eb,c2a80c66-a94a-4933-bd29-2c499d2c9511,Keylex,19
4b4a36b6-9d45-4907-8e4b-15cc08385647,a9adf179-fd80-4db4-aea6-77ab392f84dc,Wrapsafe,7
95c6c211-7e6c-4d58-bb1b-3e6f7080a186,d33f6187-4ef3-416d-8053-79dcd807fff9,Fintone,60
2f721887-2f37-4315-865e-d05f10306d0c,ca9d062d-c0e7-49e3-974d-38caf8e9f827,Namfix,20
7a1b1df0-4ebc-46d0-bfa9-5e9962447d79,c3613556-5fc6-4f7b-a4cf-86a80f6d663d,Fix San,85
93ebfbbb-dd32-4022-bd84-3dc2e171f660,1813d855-46ca-464a-91ff-6279c08f5d53,Bigtax,67
3a290844-b183-4a14-9ca2-9699f6fd4917,3be872de-f501-4ae1-8bb3-ce35048aad0d,Sub-Ex,27
ec818d25-ff17-45bd-b9c3-12ec08f06875,77b599ed-d928-40ff-845e-fa5af85f7518,Daltfresh,15
da2be597-59aa-4f2f-9607-cd47555fdf75,ed52c557-bbec-440d-95fc-a45f3d78b97a,Otcom,29
f9523f78-fa32-414a-9088-bbd91faa20e9,4abbe939-a466-437a-aecc-046978037410,Zaam-Dox,6
447ffe8e-9af2-4672-88f8-009fbf8184a4,fb196bad-45ab-4a97-9c3c-387d9b7e2b2e,Zaam-Dox,18
7e555854-2b4b-421e-8f1b-d73c5da23d90,1c6ca24b-e489-4c53-b0c9-7b19e29659df,Daltfresh,7
aec56e72-2ad1-4f29-8c26-d8f41a722599,7bb784f9-53fb-41d7-b54a-1e91e2972168,Fix San,79
2c6c943f-5583-4720-9918-8e0b55a437c9,a720f79b-df95-49de-af57-955ca25d9626,Daltfresh,91
0a242356-f17c-4c74-80e3-68c394627818,bca9ce35-59f3-4cd8-b972-7f53b7416966,Bytecard,45
df2ae255-3d00-4d32-854b-f774c56e7243,569c1bc1-5078-41fc-a9e9-4a93f41f9ca4,Stim,6
130aafcb-0f09-4ab5-8740-40df4badff90,c6a88e75-a8e9-4439-8534-ad64f9addd84,Overhold,60
910effb7-09a5-43e5-b940-18b4f567f5fd,48c1ae48-3ad9-4376-9d4f-e99c7db180c8,Wrapsafe,65
633def8f-b8ec-48c7-895d-7091a76b7b5b,9179ee43-e868-49a8-8dc8-ad651bdcbfca,Bitwolf,31
2cb431db-3359-421a-a358-11df8aab0e20,d70c70aa-eeb5-4ce4-a526-7c63138bc4e2,Span,25
b3a7e659-ec5a-4b5c-b650-4dd4b8a5b3a8,81604ff7-ca0a-4dd2-bc6c-e5632d52533d,Zaam-Dox,25
c8b6020c-b8be-4b9b-9ae4-a18b2358cbac,a7dd1ab1-d293-4238-b15b-8b665c32b866,Daltfresh,72
2480c78a-8c79-455d-8a67-5a5fb9f40d1e,81b0525e-50e2-4b80-9aa3-e62112f24a07,Temp,40
800f1832-5cdd-4d56-9a18-d66c9538dd4b,ec01032f-e4b1-4f92-a608-3ad2e80b9122,Job,15
fcc83a16-4dd8-468a-8bdf-85295ae555f7,6873bae5-7731-4854-ae28-62dd40210f6e,Tin,71
b0d802cd-1e20-4e87-8540-3a724ac9ea29,5a0894a0-c912-4bf2-9e7f-808dca379fac,Tres-Zap,100
57c605bb-52df-4aa3-8d87-1bbaaabb3a44,fd29f9bb-9198-4c68-bdc9-e476fd764c0c,Voltsillam,10
15296c00-dca6-4545-b416-5da370fcf7ad,17797b67-2d0a-4d65-babf-32874143211e,Konklab,6
7803f3e0-7ea1-46f9-919c-91d3ed0f7d56,5e529050-9421-473b-854e-002a53fbeed9,Opela,18
70312b03-73b5-4021-a730-25ba93ae9c84,154d6bdf-691e-4a6e-b4bc-bced809cbe5c,Regrant,34
e1a2ddd5-4160-4907-b19e-3bb6c748194c,94fa7a37-c089-4ad3-a1c0-d46182eb7037,Flexidy,7
051ea4c8-4bdd-45b8-867a-8cc24d448aac,0b46f34d-9bc8-4f07-8823-f88143c3d3b0,Bitwolf,40
94360c23-8349-4d94-b2d2-062a5bc427cb,3576a875-dfe2-4674-aa5c-b84f8fe76851,Daltfresh,54
af39a97d-3693-4bf8-adad-969ea5cfdb01,dc1fad97-692b-4bfd-bc7d-828377239ea3,Alpha,5
3db2c617-452c-42bb-906c-32f742ad7480,65120a4d-5d87-4442-a749-543c84bc9941,Wrapsafe,33
739f9201-9e88-4e8b-acba-7fe4fa633598,0561b3df-fb8f-4843-af2e-d838ab1827fb,Aerified,87
f408bf22-fbe6-4b68-89a1-11f5f011353e,b6acef6b-0c23-45be-8db1-5092f44d01c4,Keylex,81
d2bf2fbd-7d74-42c6-9e95-591dd15d9e55,f86e20b8-8d99-4ed0-abf2-07e30666fc24,Otcom,41
e3062a23-42af-4300-b48b-359f63c0ffca,eb1271f3-ea78-4458-abb7-4669358c0954,Lotlux,2
1df2701f-3af5-4a09-a74a-cbaecbc8a098,c904cbf4-bd70-4712-9a69-77cb8a759e96,Andalax,97
dd7761c6-6fb4-4dc5-8687-9e1051c3c1b7,f4661138-a622-42da-bb3a-87329fa47950,Prodder,33
4db638fb-36c5-46ea-ae21-72348c260888,518ef750-a7c2-49f2-a5a6-e61afa9a1148,Kanlam,44
28b874f1-df3b-4066-b98a-968f874c3d9a,afce9b1a-1b8b-4222-81c0-b7ea69bd4830,Voyatouch,32
ce73758a-8cf1-4887-848b-63c60db3d1b8,0eae96c8-69f2-4f4c-b678-fa099a84224c,Solarbreeze,51
465d965a-39f5-4547-b343-008092086dd8,d43a0183-582b-4fbc-8590-e1b5a8db2903,Transcof,22
8430dc00-00f7-435c-8f3f-0e314868d7fd,a6991bf0-2401-4a29-8730-861f4ea4141c,Alphazap,70
76d4459d-33e6-48da-8232-daf19f0d939c,ae6bfc5c-2627-4a77-9a06-9e14583e3cea,Stronghold,64
a67d7df3-637f-41f8-a352-54515a3b8fcc,4a179b22-489e-4c84-84c0-5d09ed6edc7d,Lotstring,12
d83331da-7e93-4b2c-88f3-8ae76815bbdf,f040ad3d-3f19-48a2-a582-308b8cee955e,Ronstring,91
845c17a1-8a74-43aa-9e70-012caa9640d5,6423aa0f-bed6-4a94-91a3-873adc9e0419,Flexidy,72
705846cf-52eb-40a0-98d6-dd9259b47a69,a5c8fef7-fb5f-4b86-9a0d-c7bb6672babc,Cardguard,39
b08c801b-2229-4d72-974f-862d3fd9567f,ebc8a029-8b8e-4dc5-9597-805f854dfa43,Cardify,96
ef0211d9-bf47-4670-8889-5ca6daca9e69,4077bc5d-8d93-455c-a818-da79c25962fc,Prodder,77
aa3a026d-9fc6-4ac2-b6ee-95999531e296,fca95b22-08cd-42f7-92e6-d6359dcec40f,Tempsoft,20
f4e801ea-13c5-4046-844e-2fd997fab0fb,8fe04625-8d5f-4f60-a5bb-69aa0e9e1642,Zaam-Dox,10
6332b237-88f2-43c7-8850-34268dc6e76c,5ccf8f4e-88bb-4334-b38c-2ae7f0de26b0,Gembucket,81
89c4489f-9ccb-4aab-9017-8eb134dee6d4,ae005b03-9ae4-40a7-9d7e-1c85bd5619b5,Toughjoyfax,7
38caa8e1-1770-4f35-aa88-c80b037166f9,9dcc02e9-f4a4-4134-b946-2e97848593dd,Job,45
dec4c62f-b98a-4477-9d2f-ab612591d574,28a56b5c-41ec-4681-983d-d94bb05613d2,Temp,39
af32fa55-c3bb-4466-bcf2-34a39186c32a,1ef77582-d0bb-460c-9377-b9a9055116fb,Voltsillam,9
60e62984-41c2-4558-916c-893dd6b72f35,7ac183ac-4fec-4fd1-851a-c152a5444c33,Tres-Zap,57
f0e4820a-4f02-488b-bfc4-aca6ce040031,60f4248d-c377-4eaf-8478-70223c4c0c20,Matsoft,58
44979ab0-1748-49a8-baca-cd59fe9e6402,6f312d01-d87a-42fe-9645-e9f7a5b466bc,Fintone,93
2b0e3ae7-f38f-4f98-80c0-7a5350ac1e80,821df8e1-e1bb-4080-98cb-12d8ee2a774e,Redhold,48
1dc14ceb-ac62-45a6-a408-c777ce3ecc7a,e2eff90f-cb10-413e-a038-ecf07126fe2e,Zontrax,88
68f269b8-4ef6-47ce-96b7-f7a976727afc,5d04ccf6-5877-4ab0-87c5-3db2127f01fc,Bitchip,91
da73339d-17f0-4246-86e6-d4da2c03172c,3363ae01-2196-444b-b5c5-8fb6a9887727,Bytecard,67
c81807e2-1c88-4369-9167-d126d33cf064,8f7a162c-4703-49b0-a6eb-e726574ced3a,Y-Solowarm,16
c887917f-7eb3-4a32-85ff-b007f931edf4,5a9e5c46-c57c-4c66-abca-07c36551f17f,Zathin,50
c8b8ce29-19c5-42df-a354-fc544b0516af,30206743-49d3-477e-80ab-af5c26bd8add,Konklux,56
973aff11-0b8c-4cf0-a937-e3c028d4ee50,c6f92f66-f42e-4eb0-b0ca-562184ce14e8,It,39
a1276ee8-8bf5-4cdf-a3c5-5db0776b79bb,6cbab4b7-4ace-4d10-a9bc-f67f67361082,Konklux,2
e43fea1b-d5f8-4707-8bc4-2fd81dafad60,4dc53bb4-65ce-4f9b-8924-da63a250ff54,Flowdesk,14
42e52b9f-7c88-4384-bf18-2e3e859f2353,514b5cd8-5f4a-485d-9137-4ddd631979da,Viva,17
9b637691-51ff-4ebd-9d5d-e8c6ac8ddde5,3a96710a-c303-4d29-8be4-1e959fee2a01,Zoolab,12
36ad804e-2d0b-4c7b-868e-19d323b68211,09072c2a-90ba-4d40-9968-c90797219d91,Opela,72
fc257e55-8b04-4051-aee3-52abbf29e771,9affda29-f2ed-4320-a227-be95629eb5e3,Quo Lux,86
ea9e3d62-1bf0-4530-bf86-f0041fbba729,60d77763-3cb7-4c1d-a597-34abf2b482da,Flowdesk,11
dc8394f6-4833-4e5f-8efb-0a338149659e,f89f902c-8936-4745-9a30-a756e832997f,Quo Lux,90
64e2338a-3f14-4768-b152-f330fa843ccd,bebfc3ab-d95c-4983-a67b-d462a598cbf1,Solarbreeze,51
f5d8598d-8858-4d30-80ec-aa45b32aff0f,34e74094-bf3d-4607-8832-05f1f65bd02c,Stronghold,23
89352acb-4f9d-41fb-9d5c-28b55dc155a8,d119218e-6fa9-4675-acc4-e058b721ced8,Transcof,78
c51bb5d3-8447-4559-b419-23614995fed6,fb77c0d2-fbd6-4a96-9581-a62e64797329,Kanlam,49
46a1afe7-63cf-4390-89ff-7a16577a58c6,49d0f9df-c62c-4388-9ded-c0f12b65e312,Y-Solowarm,25
fbff2f20-a304-4da2-a703-e418a126f1ea,64c66dba-3480-4c9c-80ec-4b07fe27c7bb,It,12
16084d7c-2666-4f2e-864f-8d818b452976,a1a976f4-f19a-46d4-9102-24df296e722f,Tempsoft,31
c5828745-7290-459f-bc8b-d8eec8bdf199,2cfe3062-f03a-4fd3-8600-a2d87df19724,Fix San,35
d67c9065-5445-4816-b2a5-a499210e4fdf,728ad065-7543-4d3c-9bd5-4d0aeb66ebff,Aerified,82
5f5f2334-8eaa-4271-b9d8-842ef0cc66b3,035d1e6e-c7d0-49f9-82ed-2b13b24f0923,Zontrax,24
5bce1c11-8443-4d69-ae4b-c31a866bea8e,0e36103e-11e6-4054-8fca-806f8f4dd5de,Mat Lam Tam,37
9e230e39-d4e3-4098-b406-54544da94523,b38c6870-5026-4c31-bbe4-c3068756d175,Bigtax,78
cc4f76ad-d1ec-438d-9da7-61bf6b0777df,31028948-5d3f-40c4-ade1-6746257dba75,Keylex,99
23fd2e0f-721f-4800-a1f1-6a95a79626e0,95f0b088-d62f-42f4-8bda-da393547fb92,Lotlux,18
cd1afe70-d36d-42c9-8da4-41f7c8e6cd37,8559c871-0e72-443e-9d37-77f579fe2fb7,Asoka,92
b344ff7e-e2f0-40a8-a919-a6af7449dc0e,d83078b0-77a2-492d-820a-4c92a43cc186,Otcom,8
6f083fd0-2f67-4e80-a6d6-58025a4e686b,bed7eb2b-e234-4339-8350-fe633697672a,Aerified,36
7be267f4-4439-4d4b-9921-16cbb6337c56,551c5a41-662e-4b7e-8740-1e1aed627395,Tres-Zap,84
48585a14-7d66-4730-8b72-379a170e627a,0793eaaa-6bcd-4509-ab8b-f739312cc0b0,Regrant,98
b7916247-5da9-4808-ae64-3bdbf1e5e521,356c8522-4de7-487f-996e-e4cd08c0326a,Overhold,41
d919fe16-6fb4-4e7a-bee9-7a531f1bf5f6,bf5c3c69-2258-458b-ae7f-1220729cb849,Zaam-Dox,70
323ad068-127c-4b90-b323-e5dd299c3d3b,9a34ffd8-19c6-4305-8248-1555c3274a8a,Toughjoyfax,67
22475f38-4525-425f-bad3-ef796e478f0f,51718862-afc1-4483-9766-6d9cd668b3f3,Greenlam,71
cd944913-5ce9-4070-8e65-decc46aef7a1,93ca63be-e35e-46f3-b8d5-e498e2edf044,Sub-Ex,55
17f73446-da45-4462-9580-0a94f4037d2a,ff3c61e7-89f3-4666-812d-9b31fa0d7112,Bamity,90
769df27d-054f-47fd-bcf5-5ec82ea1b9f9,006ad8e0-feaf-4cbb-ba51-3309686429ba,Latlux,70
41116453-9a5e-4574-ae6b-51360b4475fb,55a58724-4aa0-4b97-b5d7-89edaba281fc,Bitchip,91
e78ebb3e-7b88-4d8f-9063-8ae9f1f3d621,130f99ab-3901-4598-bc56-9991be996112,Job,65
70e4ec87-0321-4cb0-91dd-91e7509774f6,95a246dd-1582-4c24-83f5-3f13473569a5,Asoka,97
c6daafe8-7dc3-41d0-a7d6-91f1006279de,15511918-e79a-45eb-b225-1976755f6328,Asoka,29
f450480f-5265-4c67-ae98-30a07145e683,fc885463-db5c-4ac0-a38a-349c4d2ef103,Span,72
6c396882-6cfb-441f-8ba7-df2df52bde01,abbc333c-48d4-4754-b800-3fcea818c007,Matsoft,91
92ab0129-276c-4f6a-a248-76334eaa4208,f116a094-0765-4ee2-8483-f8820b7d8a77,Asoka,32
9e2491bd-bbd0-4532-a6f8-180561d63bdb,d4238098-bc11-4ad8-95d3-8f800b52987e,Bigtax,42
e51b35dd-5611-4dd9-a732-bc45a242877b,0cd41896-7c0c-4d38-a9ba-0353f7faf662,Gembucket,6
3995287c-6871-4b94-9471-71a37446536d,45f2bee0-891f-4578-bf57-bac681bed440,Viva,12
d678b7f8-323f-48bd-80aa-43e761575fb8,ce843129-ac73-428e-936b-f57991f7fa98,Overhold,7
33c6cf79-8306-46a4-8ddc-505fbdc12fce,5465725d-3483-4fbf-9c8a-d6e452e19815,Ronstring,34
cdbbbbcf-f365-4898-9b7e-0e6984fa7025,617d7fbf-e1e7-49dd-8e9c-baaccf9da1b0,Sub-Ex,38
7465d49e-8001-4bdb-be49-20c20803d54a,eee4322a-3141-4e2f-bf7d-bc8edfafb540,Cardify,22
772cd50d-3b4b-4e45-bd90-52b0de22413d,20bd2f9b-00b8-4b92-b5e8-50fd55fa7368,Fixflex,87
5167aeab-7051-495b-a706-7beac992d451,a82fc78a-295c-42bf-a97e-60fac4dd14bc,Duobam,33
47142c13-06c6-42cf-a556-94ed6a2f92c0,a4601cb5-d0f1-4233-a6b9-12dd4aa7dc6d,Konklux,92
9d6dcff4-a2a8-4eaa-a259-5957af7e7157,83602818-004e-4c66-998a-d5a8ccf25ec8,Lotlux,95
9496dda2-05fb-4201-bbb9-dbb509588e60,9b4fc611-6db6-4a7d-b8f5-890b57b07c38,Zontrax,78
2d15e1a3-b9f3-4c7e-bcd3-35ca555f3a69,22ebbadb-1df0-4ff8-a624-598a795ac053,Zathin,31
7c1b3808-59aa-498b-b54c-b7ffa2b7366e,e8224a36-230d-4f64-899f-30c7975cc544,Trippledex,83
339073df-09f8-489f-b89c-667c383e13dd,ca6abdec-ccf4-416c-9415-1bf9d42631e9,Zontrax,43
ebd7bc81-b976-4532-b72d-6dabcfbdf09e,b1233bbc-159e-45cd-94bd-97ba5dc4a05e,Job,81
43ea214c-1163-438c-9ee1-81b1ad3e0cae,ff8b7a45-4dc9-4700-a478-f2ca28b92768,Lotlux,5
3918c288-0365-4a6f-b794-ab0fc18be180,37389bf9-cff5-48e6-9f5b-9b6d9c52895c,Transcof,5
56fc82a3-5176-4625-b6e4-4d5f1e3ecc56,fe891ec5-d57c-422c-8bb2-b4795eaf6c08,Latlux,88
04ac41e3-ef8f-4e77-9d97-4a736ebeb2fb,1787437b-404b-4dd7-924f-da942d47f629,Latlux,37
4665a2a0-a44f-41ed-87b5-51706063d9e3,b324f370-6404-4ead-87c4-d423fd7611dc,Fintone,27
6ee0c769-7d06-4b41-b3a4-8833cf253287,724fae2b-800d-4de5-8256-edf07e3cb6df,Zontrax,89
5593f7e9-51af-4808-ad86-3caefc07cdc3,dd567d5c-80c8-4962-b45d-2ae8ee704cf9,Matsoft,36
f7ea3c72-be36-429a-a7c1-0a0cefa893f6,ba07986c-3096-491f-aca2-856e3377a72d,Tampflex,45
26781fc9-ea1b-4727-8ffb-e510317089fd,3f980f03-0a5b-4bee-9392-277b6482f013,Namfix,24
b1518329-38e7-4609-8c09-843e43304215,7cf2503d-3244-4eb5-9118-30b77011af62,Bitchip,60
e3d8c16f-061b-4fd4-ba13-a4f38e1ed16d,f4715b0a-8f56-4bdf-9338-b2a5f72d7acc,Zoolab,44
3aed9f3b-1fb0-48a7-bb7e-2133a0bcbdc1,2b2a89af-7789-41ed-aaeb-eea9a67b618f,Span,38
829717dd-1f1f-475b-9656-e630578bd4fb,7a626499-78ee-4042-ba73-bdfc0b5b3455,Fix San,46
b9b360e2-ad19-4937-81fe-6333006f7528,4d8a2eb6-daab-4767-9c71-381f1a7683b6,Zathin,92
ef72f291-eef4-4cfd-b286-38390a93fd94,7f00fd56-e839-4b33-8713-dcbd301f7829,Mat Lam Tam,44
06669409-145d-4f6b-a38f-aeebceec9dd8,7eff3e86-06f4-4235-b0d5-8286f62a91f9,Matsoft,25
445f5fa3-60ff-40af-848a-17fe7570dca6,cb28d3b0-6b55-4f65-b03d-464f4449ab28,Stim,16
c1bd5c4a-0b5b-4199-87b0-01b8fe8c53e5,3ad87def-075e-4d14-be20-2a1d3ef21e94,Job,53
d4d94487-5649-42e7-b190-3edff8aa7a7a,a0ab2250-aedb-4342-850d-e078a82b22c5,Flexidy,75
3972ac07-a983-487d-ba43-7ecc2230fe25,1666e59c-e344-4110-9dd6-e13eabe82524,Daltfresh,36
e890d9ff-632e-4114-952f-f46127e24253,7986d70c-e692-4eeb-b69e-8a1b31192766,Rank,96
08c979ff-65e9-448a-94c9-d81f9b7a7d36,1c576fdb-0d3b-4b3e-957a-4bc6419047c5,Vagram,54
cb5647dc-a0a0-4bbc-8d77-dbe60e1601e7,1ea5466f-d945-404e-b08e-7a1abec1bc20,Fixflex,89
a62c9747-7355-46f4-b1d9-219ffecf1503,c291f927-ca89-4ef8-a336-0c0f5a3032ca,Ronstring,74
04379fbc-d641-44fc-80d5-a7b749e03f99,3a65daf6-6564-4002-b7a5-2d4bf9469397,Greenlam,50
4d696e49-65c9-4b77-85fd-2b89628415d9,edee7cf1-89eb-40af-9edc-d3796682f3b9,Overhold,14
2d7a7289-60cf-4fca-97ad-c28f94af764a,ec17fbae-165a-48b8-92a2-9eee0327ae9e,Overhold,49
1cd49460-0665-42e9-8989-43345103be60,f72b368d-43f7-4b07-b851-11230e974eb0,Greenlam,69
2c551f07-0ccd-4cb8-8224-45a80b304540,52174b9e-ee82-4047-95ee-7ff1599f15ff,Viva,2
17c4163e-d7dc-4589-b60d-42f879bae454,bb7de5bb-44d8-48ac-b69f-aa834f90e84b,Solarbreeze,24
e856a2da-ff46-48cc-ac32-3af174e93009,a9579e80-2d92-4941-b4ab-04cfc64e8991,Lotlux,80
a0bc5ecb-9a06-432d-96d0-c1aba80c5c47,815b48a1-832c-4dc3-8d53-d9aca3562355,Job,39
8819daf7-8aa9-448c-90ff-d38c0d268191,3b9b492a-4daa-44a0-b361-acbac94fc4d7,Transcof,24
4868fefa-2c3c-4e12-8d63-014e9977aef4,f05eaf7c-c947-4eb1-8dde-f45b21767790,Rank,23
eae94725-4daf-47d3-823a-472fdce2c8f8,909565f4-5272-49bc-a081-cde29ac46ce3,Sonair,61
49b85522-77c9-4a21-9a78-2d16085d542e,7c5af852-1088-4656-9796-b3d79ed4ccb7,Voyatouch,24
c82c01cc-4b01-4007-8541-f73a2feb351a,007c6f99-39c1-411f-85e8-d7d6adcd2d00,Gembucket,99
38a01398-7e91-4a56-9f5a-8b6e53ce9c66,92cd943b-aea1-4c73-80e3-478f0b448fed,Fintone,6
17e1932a-1937-47a6-9bb0-697307920109,55b475e2-d468-4ca6-92a2-cd43b989d685,Konklab,42
a5815763-63f6-4c1c-b6ae-d2bc1a060cdd,0788eba9-c520-4201-b63d-d3fa7f809dbc,Cardify,48
40d01ea6-cd90-430a-969f-9a777a079b81,8e5929e9-7fa9-4f51-890e-3277e7868810,Bytecard,57
71dd9eeb-e579-4fa2-b244-66c6c7e5b04c,30e75ce5-b8ee-480b-b963-ddfd890421ce,Pannier,37
5bfa2dee-71db-4a8a-8d6a-bc6e14e0a809,4086d431-d718-4a9a-b998-f0c5d2973487,Asoka,19
6285c06b-0af3-46a6-aa03-78e49b0eae2c,b964dae6-f6f0-41d0-934c-c9224f77ea89,Flexidy,28
b6553dd9-5e2a-4abd-9d32-9e6ba0e8d6f5,7e1c3d62-3cef-4f87-883e-b6864a1bf73a,Trippledex,77
2ddab562-fbda-4b5d-a468-48bf52facb92,ff735d23-0f40-43a9-bf21-3d4fd13dd4f8,Ventosanzap,53
a2e1ab08-4f68-4248-b21f-36c9523d4eec,bcdfce90-52a2-46ab-82b6-1946c8533903,Rank,96
800784d6-0500-4124-8e5d-8caf4d2fec05,d1fbd3d5-b3e4-462e-8f9f-91497f5b04ad,Subin,61
8140fb84-c627-499e-9883-06d9124af97e,40e8b8f9-f6d5-4bbd-9df4-84960053e0b9,Cookley,3
acad0113-45f9-4d7f-b031-a8f8ef131b45,4ddedfa6-1a95-4e32-a308-e3ff87727d24,Tres-Zap,75
5d2034f0-a3e2-4ee6-aa55-b147ffbe6ba0,f16c6b17-c9b8-44e4-b98d-40b28e4bbc48,Konklab,85
b709ca8b-acbd-490a-bbb1-7fcbf22913ca,479829ef-3500-464e-b87a-e5eec096ce32,Overhold,39
b2d75f4a-22f3-4fca-8731-d0582b681605,2bb91790-88c8-42d0-9af6-122a2f3625bb,Ventosanzap,70
8dd2ccef-b424-4fc8-b80d-bdc346c350c7,44e411c2-165e-4f24-ac50-3f9a39598fb7,Span,15
0a172db9-e06b-4b79-850c-93cfa2f73ca0,500d7533-5095-42e8-89a2-ccfee8c93595,It,17
fbe30e7c-caa5-4ac6-8a13-173f631a9a16,b1e514be-948b-4dbf-a234-cd7d373a9dad,Temp,95
53ec8d0b-1b8e-4d4f-b566-fc6acedb55a7,a82030fc-b152-40f4-875e-7ac159715356,Solarbreeze,8
5cf315e7-9373-470c-84c6-a62624f058a4,7792152e-7a34-4db2-bcdc-edc76078b31b,Tempsoft,14
90711e45-ab4b-4a06-a1d0-1e49abef677b,2a397865-4c7b-4d20-99e7-07f07ef21bdb,Cookley,32
649cde00-e29f-45bf-8262-0b00b337c1bd,8e8da6f6-11e2-4fb9-9645-ee69d8e4f6e8,Alpha,94
3d76a51e-b689-48bc-8c2b-b30052a344d5,26d2eb89-0d25-4496-b76d-3c37f8473580,Hatity,27
2edb64a6-e050-4ad9-a8e5-4321422aebe3,bb8b6767-a4b2-4c5b-898a-9e32bba210ae,Ronstring,97
6533df84-dec2-4a19-b6c0-0e54f33bcffb,164b8862-e477-4d25-862d-265aa374314d,Voyatouch,27
a5a5fb50-0653-4663-84f6-098d3230af3b,4bc28a05-6d7c-4718-aa3e-7d29c33c8d05,Cookley,38
cd28dc65-a01c-47c4-b362-750fc9f868f3,56e998a9-58c7-45a0-80e5-e953bb81b5d0,Fix San,58
442a6c0b-1ec1-4f63-957b-3e79d0df3b6c,8790b622-9c46-4a4c-a552-38252719735d,Zamit,22
05824394-7d34-4d06-829e-3d15a085d7db,8aeef001-c3c9-4b7c-8cda-3ce616149f8f,Biodex,22
96572595-a82e-4895-93e3-ce2710f56071,814b1447-e817-46f6-9fc7-572ed41fb224,Cardguard,69
4860d735-0b3f-4378-bf09-dd1b815a1ed4,14678313-18d1-4b0b-a038-727eeff8451f,Stronghold,49
de2d70ac-c286-4820-ab7c-209031fffa17,3dbf37c3-75d4-4909-a9c1-4663c39bad9f,Stringtough,10
73c1c11b-8316-41b7-81b4-3ed4fe3bfaef,50b70bab-f4b7-440f-b9be-7b1c1a1bed81,Ronstring,71
fd47af44-1983-477e-ae55-df29537f5188,642de7a0-ea86-4508-b368-9379381cfcbf,Tampflex,11
2945b6f1-fc71-4783-8799-9cd79cd8f6fa,81136beb-6ac2-449e-b50e-94c0d37afc4a,Greenlam,3
0a0f338d-8036-411c-9009-a95c9bc1e4a7,d663b578-6a08-44c5-9d41-17a0da11f228,Cardguard,58
b4a4236c-3996-40dd-98b5-8930d627eb48,268fce36-55ae-4fcd-9925-522591f45dc9,Regrant,51
2ebc386a-b226-4fba-b102-bf4613878474,fe881573-c006-4743-8496-f8238feede6d,Andalax,93
80cc06c1-a321-49d9-9684-dbb23c2c2e66,f50c89ac-ed47-4741-94b1-11bd9ec83217,Span,8
f9984811-0b52-4400-aab1-d457a8c4a2b4,f041d29f-76f2-46ee-ba3b-5ddaab1afc9f,Sonair,89
e24d9094-926d-415a-965f-4df3fe1c9cea,624e6047-b509-4851-84b0-c96dc7c8dfb3,Bitwolf,44
3c4778c6-890f-4de1-b2aa-66f3066d5878,47dbae81-6abb-40c7-886f-f8dcbf05c8aa,Trippledex,89
af46b8ab-5c8c-4e37-b80d-22484891adaa,f4e3c3a5-b42e-4c04-9794-0c617c704b1e,Tampflex,79
7b73bfaf-c9f2-46e6-9040-ea87806c2c78,3a88a4cd-1312-46a4-9263-81caae6c2436,Biodex,90
43634059-39e9-4fb0-8057-d5cd3f2e7143,c540e8b5-b056-4169-8527-90bfce3536ed,Zathin,58
3108a930-18ee-4ff3-a4e9-6755bc8aeeb9,9d674a31-d0bf-4ff5-9f65-f76141dff9d4,Keylex,66
b4ae3bbe-192b-4324-bf9e-798b72aff8ec,c93d0211-869b-4bc5-b731-d0d9a50071c7,Namfix,77
cab91db5-edaf-49e1-9c02-4c8f198e2f87,3865ac54-a149-45cb-b9bf-2540c1c4700a,Regrant,88
76ffda54-8ec4-40d4-be3f-c29740078cd7,bac813a2-6593-4636-8120-1553d61be215,Overhold,50
ec1e1e79-e1bb-4bce-a1f5-8ac09bcfc51c,f126e744-d970-4688-9754-d857f0fd5bed,Stronghold,75
24d8fb20-68b7-43c9-b216-337ac70a0df2,f4113952-afc2-4809-81ed-176081a4b41c,Y-find,74
b02e2330-b5a8-4f4f-b7b3-afb86d776cf8,41691f57-d358-4267-8685-0981a51c3da2,Redhold,98
1de1fedc-7304-4044-9ba3-eff7a4c8c04a,67916fe3-1ed1-4cee-9da7-c6cb53006eb9,Tampflex,24
e941a60d-6517-41ac-a70e-99cd7dc60421,c1ac3db8-e6f5-4c7f-ab64-3ad6d5278a34,Ronstring,12
0049877f-0667-4493-a241-e599c0947d4b,3d955c7c-69b8-4e9a-a756-ee52d5203d4d,Voltsillam,80
630df8d7-a146-4ebe-b418-351ce1d6aab1,9c33d3e9-27d4-4853-8f4d-9456a877cf31,Quo Lux,63
608c29ae-ee29-4a34-b573-0c8a8ab27033,5d81de8c-8e74-40b8-ab84-71840d98c442,Wrapsafe,19
075a7684-994a-4ca1-9aab-c9a7cd633bab,3975edab-33fe-4914-90ac-b199afd4c322,Pannier,99
f6af99fe-f0bd-4b48-b2ca-17a0c67e7b88,ee69513b-d919-4787-af2e-d0a80de95bd0,Alphazap,77
596b3ed2-bc95-4521-9d65-e985cd42e6cb,fb144ca2-ca46-4237-8d8d-4b8c6731227f,Ronstring,36
4842d5aa-4283-4750-8698-ef203bf78ba9,abd1ad9c-a8c9-49e8-9ba0-b186650d8fcf,Quo Lux,53
509cc0df-308e-4984-943b-6df0a8800919,eca78398-e0d6-4712-9d38-97021128ea48,Voyatouch,82
fd141906-25ef-4641-8e4e-8366ac9112ec,f14a18c5-0fe1-4b96-ba11-f835542fca0c,Pannier,47
55f52f2e-c97f-4b59-9248-31477f96bb77,7a155917-755b-48d5-8525-bf40bc7bc922,Bigtax,40
60f099d8-7715-4628-926c-aeb240be7d1a,5a829021-89b1-4643-bb64-4d919f0fe189,Cookley,62
86607745-e6cd-4f44-a14e-dab3332f5b4b,321ed339-f067-414c-8740-06bb57e6936c,Voyatouch,4
6b5b4a1e-b8f0-49a7-b87f-2aedbc963f40,ffc4a342-a953-4f30-9d09-d62f46b57e99,Zaam-Dox,73
16e3b11e-e9ce-4eb9-921f-44a4ec30b8e1,180c22b2-c04e-4bd4-8de0-bb9a9b3a43e5,Kanlam,60
24af8908-b9ac-4623-966e-d2522cb81ec6,929e9b48-caad-4e50-8461-e8c52dde1efe,Holdlamis,67
ba52fde8-3a77-45e2-b616-aaba64c70d35,ce4d9e4c-57bb-4b6b-9aaf-8b9422ae7ab7,Fintone,56
8cb807ba-c0bd-4194-8109-e533796136b5,e93dfffc-6f62-4283-84d5-67aedf043258,Regrant,15
b40449a7-129a-4a5c-84c4-ecccd48df0b8,ff247053-2dc1-4ccb-b039-09ad1b58f8c3,Regrant,5
0115c995-a22a-4d8a-b737-126177411d80,b9980c6b-0fe1-4995-b416-04b476b25443,Sub-Ex,73
eaab5a6e-333b-44bd-b608-bc5edb803605,087875d3-69d6-468b-b441-b92f1227df93,Flexidy,61
837cd235-2727-4e92-b804-ee09dff0c7eb,467b351a-4fc8-40b4-b6c4-1f3d51721583,Alphazap,77
8c647260-4c54-45de-8e8c-66fe7b50faed,390d3155-37f5-42c0-b7cd-cff294f37348,Tempsoft,26
79bdedab-9fd8-4faa-b405-dc54b63da1ba,4b6eea60-0fb6-4fdc-8961-96f0d0f1da60,Ronstring,72
da4a1a84-fbc7-4d09-8a15-e5fdb6037a4b,5d3abb7a-d010-4237-bc60-66f9d57f178f,Biodex,23
dfa5575c-0b86-4212-acb9-c6fd008a8dfa,2cf7364e-660f-4c55-bd53-15ee03167409,Voyatouch,91
15ffb247-22bf-4af1-be33-a06bc86743b3,5d47a5df-0ed1-4e09-bde7-9c2e5f5796ea,Fintone,60
cba3c142-25d3-4b0d-b560-f6beb64c91eb,6f83c5f8-5d5f-44a5-896d-bdfa4bcb7d0b,Prodder,86
b08c358a-0c6e-4641-a33a-7dba191c3602,3ff66a3b-a317-4a80-9149-d52078f748e6,Wrapsafe,83
f3f419ed-3c6d-4f75-90e9-5d841b6b45fd,16f7b3b8-c3ac-45ef-a0e4-c497b6fe83b3,Gembucket,36
d5257455-54c6-47c1-8665-855cf3b8a2c1,f97e8ea4-f6c7-4a7c-8f87-94a55729d664,Stringtough,61
33b289e0-fa13-44b0-a869-de4e200b3345,fcf60b57-4d72-48f7-afee-17076b15035d,Namfix,3
858f1d2e-36a5-4773-a452-bc64007c63fd,e687b5aa-e82d-44d1-a075-cf29b7e4b0eb,Temp,37
a6047528-cedb-4293-88fa-d2ee0b484565,1771caa8-49b8-4144-840d-5e4ab725fe68,Treeflex,7
b7c52193-cbaa-4b98-b394-c70a80feba00,d52a4e8c-548f-43da-a303-42c0c326b154,Namfix,48
cdecf595-ae5f-4bca-ba3a-307dc0d1e5f2,2d1701e6-a01b-4d02-ad5b-b3b4819a432a,Stim,34
58270f97-7cf6-4a7a-9929-7be46621c2f4,18e211a9-bd79-47d2-89f1-5b89f35a4e87,Bamity,21
b718726c-211a-4a6a-9141-26081e418d8c,ac9bd38f-1c31-4bed-a847-334917774478,Andalax,70
2c678f30-82e6-4e8c-8d5f-d4dab037369f,f6f3402f-ef3d-48fc-a578-63cebce29f7f,Gembucket,52
e2dce9a6-7803-46d3-aa91-4c06774f54b9,0c11c6d8-625e-459f-8581-171c74c305f8,Fintone,5
1ee44062-b1a0-4fb2-9b27-7e35245d8f08,26658de8-cb59-4aac-950b-71d118d35b9b,Voyatouch,58
c5feaf79-0132-4ec5-9e7f-a221d3d37558,c00fcdea-3018-4670-9a0d-0f5850dc1429,Tempsoft,92
bd1c7097-bd10-4599-a09c-55e5e71df150,0671e59a-b05d-4cf0-a6ce-6de1eabc29ae,Zamit,84
36ceaaba-e485-40d1-8cfb-4f4d8d7e05f3,d7b2a50a-441c-410d-b708-ac7cce56f5af,Holdlamis,44
3d63ad84-03e1-48d3-af14-c2e74093a32d,cffd6839-7ac4-42a9-ab60-34f64e0cfcce,Fixflex,1
e3567e2d-8204-4fc1-9c7c-e0917788c210,f88b337f-46a1-4dd5-8ff6-6574aef7b87d,It,67
802fb666-7b48-40b7-8e25-502cd16c2260,80725659-8027-495f-af4d-cab6946d7a74,Zoolab,44
2f528f00-e7f0-4d5d-880b-42478a4859e2,f22f942d-1033-42b6-b3c8-e231826a6a93,Redhold,16
35eb9e31-3298-4bbf-a0d0-e8358fd10394,ac280171-f605-4ffd-bd55-19c8597e8ee6,Prodder,97
8c4b5bc0-8945-4afc-8fc6-a8eecbbf49c2,1ba08442-06cf-46b4-a24c-9d8915e9964f,Bamity,70
4deebdbe-a459-414d-8411-a33a4a9fe5ca,3c5c19db-3583-48d4-aea5-797377695dd1,Latlux,27
7b4082d2-b34e-4d39-960a-9260e0403945,6d622ce8-72af-447c-8013-26fe998da0fb,Cardify,73
cf5d241c-71c8-4db2-9086-33725e8361d8,3ffdb2f0-c302-4a82-8eca-250d15b75e2c,Kanlam,77
8dbe0234-d31a-4566-9d84-7cebf6451a09,2ca17198-162a-4286-b187-7a543d24e216,Regrant,94
1bcdbdc2-338f-48fb-aeef-c29d05dc78ba,c00a5b55-07f3-4796-8deb-1034c78f7fbe,Pannier,9
1fe90717-917a-4fa4-8b25-a0861e84adeb,58a7588b-bd9c-4b81-9f63-ae527ad8eb59,Regrant,83
1c382866-5b5d-4356-a1c0-4b89008b8a29,ec26d86f-2793-4b70-b80d-1a67e6581f79,Trippledex,84
463288a2-0e5c-445b-b414-2fe8f640d295,74720d0b-22a7-4c85-8d64-4f8157e132f5,Solarbreeze,18
0b0c0376-3ab6-4aa1-a817-4562de3daa76,824efd24-19e3-4fcc-9a29-258b08b84529,Hatity,28
56f7da41-e530-464c-9fd4-25f6fe6eb4af,0564a72f-f253-40f5-8179-54223ae5d2e7,Sub-Ex,93
f47405d9-dbcc-4772-822d-ff2561fe7708,fed3ba1a-5a73-4b90-bab1-be86e349c433,Duobam,60
98880eda-c207-4ea0-a98b-df79c6ceeb74,c5b84ddd-0c8f-4073-92aa-a27edf2c9daf,Zontrax,65
e68f8d8e-6db1-4a95-8714-68f682f9c7c6,2ea4b8f3-62ce-426c-9848-6c5685e5f97f,Temp,38
0416793d-c54d-419d-a259-d5cec204aed8,25e5b380-3be4-407d-b328-c7fa3dc3b0d5,Mat Lam Tam,29
6e21dbea-6594-4fa7-a864-e34c8e2da5ae,baa03c76-3f61-4826-b6b7-e7fae11bae11,Zathin,77
b160bbcd-05a7-47d6-a475-5f328b83db3f,d7ac3807-dd9d-4292-8100-cf4446ef4c1f,Tres-Zap,89
f55c2971-9ef1-4355-92f6-99bd6673261f,49229a86-2638-4ead-8603-6a7c46ad15a5,Cardguard,46
d7234351-91d8-4c7e-9b41-272a7094cbdb,88a1e598-9937-4c2d-8050-b5a9935e9305,Flowdesk,73
47724aab-05be-4f14-b4ae-0d709497c5f5,86474866-929e-47ee-9a5f-93a9ab6d928d,Voyatouch,41
7bff6bee-b448-4fc1-b399-8a04190e8814,6ff21619-dc90-47ec-b670-5901712c3a32,Pannier,91
608aa0aa-b30f-4989-94c2-a2835b715a41,8441be44-a936-48aa-9252-aca248d37093,It,3
c23a0966-d975-4d7c-b53a-e19a2b32276a,3634f028-ffd2-4b9f-9aa8-30822a910779,Treeflex,34
b6e4f921-7481-4d27-a9ab-0a61325ac1dd,887608b4-0c12-4275-89e9-3ac484427ed0,Quo Lux,39
26b86aeb-649c-4e2a-9e61-629fb39e6dc4,3b66c9ca-feed-491a-bdd7-a5f6f6ede284,Zathin,32
b50a47cb-b27e-403e-98b2-b5456c6ab2d9,3a299b3d-1180-41e7-bfc2-e3b7cd30ef49,Andalax,72
e87110e0-fa94-4ba9-b665-976a383d4cb6,a79e5a00-2dfd-4fd7-a459-0623354c623b,Kanlam,41
b1a963a4-21ea-4bf9-8172-1cb749be9ae4,00519797-3ab0-4b85-bb79-5ae5e2476ce3,Regrant,2
bb17c3bf-0851-4330-9d6c-4954a66e6caa,f5a4fa3b-7156-4724-bd4f-ed54a6fdd5fe,Treeflex,78
e53fb0cf-72b0-4ead-b5d9-3db439590dac,3bfe1217-ed55-4c31-a2aa-751ac7bac306,Bamity,88
89c3e3cd-fb21-48d3-9427-f0aeb10a3544,69596167-6361-4142-9c96-198472e66283,Viva,37
8826f12b-58cc-4fbe-8315-04eee5778650,39a0f3d5-bee9-4841-8e92-670f25bfbd09,Konklab,24
e215c432-6e3c-45e7-ba2b-de59a384eed3,8dfaaf2f-de27-4935-a9c3-842242299fe8,Stringtough,57
7eefbcb6-5a41-42f9-a256-aeaf915aecb8,a0434968-a35a-4cbb-bcbd-32d8f09e0439,Namfix,28
a79b788a-ca47-4daa-bf25-71ba5d5f0e04,dc1ba3ed-410d-49a2-b949-fe32e1b7bc17,Domainer,24
fae102ea-c9b1-4ab2-babf-2ad5fb3be0af,1861187d-d11e-40f3-8a27-dd98efc17c78,Domainer,7
7c3b9b90-ddd4-44e1-970f-ceee579f2cb5,f04d80ae-8c5b-4500-a022-17b6de721b2b,Cardify,25
96ed5ed4-189e-47a4-9b88-aab93a0293f5,3559babc-95a7-4e87-a85c-9c75112f7714,Aerified,83
605f6ba0-6e69-43f2-ae92-03f2ef952f5e,3659748a-5731-448e-b4b7-d7388bd13ddc,Flowdesk,64
3f3fe76e-7b6d-439f-9616-058a52ec72fd,b7978e4c-be76-4663-97c8-f27cd8f167be,Greenlam,4
1fb7dcd7-11ce-4864-b468-a6b2c722d339,3b4e7ee1-2c1e-4a2f-8697-afae20e1a2c9,Y-Solowarm,78
21a3bcac-ec03-46c6-9c52-693bd87af21b,473eaba5-fb26-4187-95a9-4d201a3f87c1,Flowdesk,93
6cf3af11-7b01-4150-874b-0bd116d0e630,479714c5-560b-400e-86cf-00bf8fc7b456,Duobam,90
a72f347e-7c1d-4340-a5ac-2729c2c5fc2a,321e91b1-3590-4edb-b6ea-bbc1f011453f,Ventosanzap,93
5b09d09f-b2d3-445f-8359-175f201f789c,d391d8b5-0aad-434d-817a-6d936ae18a15,Cardify,39
dc1ca699-9c9b-4243-8869-4c7c629846e5,a5e7558d-7635-4225-b26f-7a4e8a27576b,Kanlam,43
a0f82f63-e43a-47df-bba3-47b4484008c0,171a1415-a62c-4441-b774-3fa7f735b4bc,Matsoft,10
bcc71f83-851a-4a68-a558-b2cff3b6cd77,d2c318a0-bba5-4d7c-aff5-3000b5a20fae,Zaam-Dox,9
9df61409-8652-4dc7-b13d-85f6bc2084ac,5896e0a1-f800-4926-9de1-b1e3273e376f,Trippledex,100
b2b1ccf6-dd3d-4d72-9e3e-f9646921c9af,9c122063-d00f-4e7c-9eb3-ca3db9f88e09,Fixflex,26
2c758e10-e6bd-469c-a1e5-dd06c6ed46ed,b266101a-6670-4b87-8c5d-ac5da8d29eb0,Sonsing,76
143121af-9916-4970-8e9d-a597caec7f6c,fb4ace87-8e18-46c8-ac9b-1fecf7d2970c,Vagram,31
f57a4a10-71d9-40b3-98e7-ebd621c16963,890a6fcc-c6be-4271-9df0-c80afdb2092a,Redhold,27
a859d569-a83e-4ce0-9603-54f58e9d1f48,8449fa73-28f8-4f3e-9820-f7aed90c115d,Greenlam,95
7bfe5dcb-87a7-49dd-8d32-261b2d0e7e80,6f10a3e7-b6da-4931-b267-51a1896601ec,Zathin,68
e47068f1-dc69-41b8-939a-21d5c66f1216,ed674b8d-6db4-445c-ab16-d0ceb9e29d92,Tin,91
36d72787-5099-4cf1-8233-57b2eadff226,20e25e54-0001-4e03-a4af-943873998681,Redhold,96
2ecfa1bf-e74a-4b56-8e53-c2f4bd4f1c96,3190aa66-98a2-46a1-94c2-094a2ac8707f,Gembucket,42
07a3e367-33a5-4d79-b1f5-102d070eec53,1a0cc54b-4c0c-47eb-8a84-185addf4ba71,Zontrax,87
e06d798c-a99d-4b01-87bb-907a9e02da05,839b9e61-e5ab-4747-a882-9ebc721f5893,Mat Lam Tam,7
16ccbb0f-d4ba-4c77-be6d-6efc452595c7,451cd3d4-64b1-4105-b45f-5797cbe1579f,Namfix,4
1bab11b0-cdf2-4c54-a8c7-36c2f2236e75,41b32b1d-400d-4ceb-b48a-b952a614c2af,Subin,100
8a62f337-6cb2-45f0-be17-34ded16c2853,56a24f31-0f83-447a-8baf-702e08a49afc,Treeflex,22
7890759c-d6fe-4e9b-aa80-de833b40df12,322b7270-47ae-4227-b451-343df0e89f53,Cookley,6
bd7f99a1-1a61-4053-8e85-fd2cd74c3a31,69960384-a427-45bf-94a0-d0c5d7d536db,Tampflex,14
739b7a9f-f26c-407f-bdfb-ab8a49a43b36,d9b0bfce-bd90-4606-b233-44a06885b1b8,Greenlam,45
41a8f7a7-b259-4549-9a4e-f4326a22a3bf,0dbbdcb6-78e6-41a9-949e-eb9703188c47,Kanlam,63
b1d7c08d-2ec9-4e19-a800-a35ce259ba85,701deb05-7ef4-4fec-8add-4e34d7fb07d4,Fintone,25
32dff4d7-7e46-43c7-91bd-49755e6c3af5,46bec7d0-05d4-40e0-a939-9c7f1c7928d6,Duobam,96
59289299-04f2-4ba2-b387-84ba99f2d7c0,b7f3dbe2-bac2-498b-9e9c-96ea4f4b46b6,Stronghold,13
f60a882b-1718-4e6c-aaaf-37f2bf1e25f6,7c65f575-b3bd-45d0-9dc7-4a90c28c5e10,Sub-Ex,46
fb6829cf-faa8-473b-bcdf-20a0626db80b,04c82895-8f1c-42e1-aaf0-5091f8434f4a,Konklab,31
c586a47a-11fa-4cfb-9725-b9a6e449b02f,a9b53945-f9a4-40b7-8d96-31dfe0f185c1,Zamit,14
94377653-55f2-4ba6-a251-833d182bc666,37af34c8-63b4-41d2-89c9-ec4ab3820236,Vagram,82
9fba541c-4fd4-44b3-bb0b-5d1cd35dfc8b,ca0bd2e1-902c-42af-bd2f-1180dce168b7,Y-find,71
420c7e7b-52e8-46e9-a82e-e18c9dac3f2d,6e3a8802-0da7-445a-8a0c-87d8291eaa39,It,88
c2932c74-0101-4e73-bf72-cc9c1aa6fa86,21a07783-fa83-4a25-9472-fa70eaf64d36,Matsoft,98
43c1adb2-e954-46d8-8b8a-a93b8adcee5e,8c699513-43f4-46b4-a654-6bdd9341c1c3,Biodex,4
2eeaa69e-927d-4684-a270-5950f62441b2,7a977dc6-4d6e-463f-b0b5-da90e987cdc1,Voyatouch,43
6b8cd7b3-7fed-44e9-b12c-612b90b92d81,dcd6dcf1-d018-472e-9d3e-7119ee96b5da,Quo Lux,93
ff69a096-af96-416f-94b9-3af0267a117b,beb45f97-1ad1-462d-9267-2f50a9285e68,Alphazap,76
3300eb3e-afaf-43e8-b6f8-b8eb72b10040,d8c4b48f-db30-4805-bef7-c0ed0636ba0b,Voyatouch,10
e8d9d8bb-3f93-492f-8127-8b37b2d9319b,6f588c95-27c9-4ba4-903b-a8f433e057cd,Zaam-Dox,66
53270c2e-03fc-416e-9e40-5e5da2954317,6a305853-fc66-4bce-87b5-425e3d121485,Stronghold,95
1e961ae4-da8d-442c-9e0b-ce9397b69b51,27621a50-095b-48e4-bd87-f26e5753cc22,Bamity,14
d1ce7518-c1db-4d3f-8ca7-319bb3486c3c,608e7cc3-b7c8-4c86-8a02-0b051f2d8c6d,Alpha,2
42a2c8de-f51e-48b7-b992-96ee612b74f4,f679cc22-d532-42fa-869e-028f5f76c4e7,Gembucket,75
5a52e641-75b7-4908-ae58-ae2e1fde1404,e1051dfc-1102-426a-a795-e383687e9eae,Bitchip,27
3c3ed9ef-00b2-4744-8ac6-93ac9538345d,45abcc69-2727-4753-834c-570ec7110341,Gembucket,60
de055d18-03c6-4f65-a258-2bcc0489f7eb,9ed6e550-65bd-429b-9c92-156a66ecf8a9,Treeflex,25
c3e715a8-a8fc-489d-a171-ac0d1470914a,51f8580a-1aaa-4181-9f79-90a18e56ad45,Transcof,6
a734c299-f763-4bf6-ab5f-0f181b9acea3,35857a35-aefd-4abb-93ac-b47a38bf1df5,Matsoft,84
50f3500f-ca2e-4b6d-8e1f-e185916bfac7,8da36733-2b72-4d3e-b913-ec4a65dd9345,Voltsillam,51
893b70f8-1903-4655-90ff-b7e862b184d4,c9071fc9-82a6-4abd-bbfe-d203df3a941c,Wrapsafe,46
40fc550b-cb29-4232-9805-326180c94a71,572e6dbe-31b4-421e-8c9f-a97076b70941,Sonair,27
3ca0ea11-cb1b-49ba-b29b-5e059a60b7f7,5b356cb5-3715-49d1-8d97-b99bb8792891,Zoolab,7
08ce2556-6570-4cc3-a533-2752cf931a46,5bf981b0-f94b-4893-8981-01db0e8e28ac,Span,15
96baee63-44fe-40a6-880e-29699c1e8165,59fecea9-f105-4b05-b097-dba17c5f44d9,Transcof,80
79925005-1d94-4f9f-9365-f3fe94e08639,20245e90-8f80-4630-9711-efd30ebb44c7,It,54
6067da1b-32a6-4d34-9639-f034c533e66d,7a989567-e023-4d2b-948f-ac7e071a3eb6,Holdlamis,17
5d4f9b50-6d56-40ae-aa09-bbfa8be3ebeb,61fe1a6a-9491-4a83-be84-ab23bf6bfefc,Stronghold,62
a1ce5372-15eb-4793-bc06-a748f37a091b,6c0f8b59-a768-401a-95be-9cea2727cf3d,Opela,66
cfb5a95a-ac22-4c3d-a5a3-184f119ff143,326e1ea6-c406-467a-9775-bb8ae65ae5d7,Vagram,50
98a9e04b-68e1-48c1-bcf5-9a7599f84559,d82d147f-c400-4853-a366-04e107697f2e,Solarbreeze,40
07800b74-5276-430f-a2b2-3a6d868dd010,f0425e87-b3fb-4426-81c0-b09180c1deb9,Bigtax,35
354267ae-0293-4824-9386-fb241f6d3db2,2aa5ea4c-dcd3-40c6-a38e-5b862cfe1d3b,Tres-Zap,15
000ca773-355c-4165-8fcc-a15ae987a449,d83d7bf5-9238-4584-bab3-3fd7c020e187,Redhold,6
65a50b28-65ff-4f62-8de9-4b37b82ffd74,98039a38-6c4c-428b-99c7-6216d5fe1efc,Viva,48
394d030c-cde0-42ee-8090-77053f26478f,bfebbdee-9871-4fdd-ba88-37f807a2b69f,Bytecard,3
d818f3f8-4d6d-4ece-be19-5eccfd6ddbc7,86adee8d-11f1-4cf9-a623-97d851a261b3,Bitwolf,12
bdf48dc6-6f5c-462d-ab26-44d7e1e68264,ad66f11e-73e1-4473-ab8b-9035b181050b,Otcom,2
3e6b29a8-192c-4f8d-a373-c30b145228c7,6403261a-b6e4-4b65-88ca-58d36f9a4a02,Tampflex,25
44d258be-e755-4c10-b5da-ae22d300cd7e,74ea36ac-cb46-4779-8b0b-eeafda79be4b,Andalax,83
89fc6cd4-459d-47cf-a3ad-2571422b9a52,7b78d3cd-0294-4559-912c-933e112e6486,It,42
d27cef1d-8af9-4cc8-8799-78cf75fef112,fcef6edf-a009-4300-b7f4-df6657cfac79,Bigtax,45
ec1ecae2-3b24-4c60-b191-a44362df22eb,0c7f90f3-48de-4d14-b11a-06e4dc47f7fe,Cookley,22
08ba6ff9-57ff-4908-846d-c5b4af4d9b24,c8b1b8f4-ee7f-44a4-9780-29ee90e8570a,Gembucket,73
79a40842-1c0d-49b0-9dfe-cc3d85e4ef87,f75e57aa-4077-4d40-b04f-4cb98c431f16,Ventosanzap,7
52c87b08-be1c-4e0c-b55b-3b4edc7e94e8,06b68978-9cc3-41d1-b960-393bedba1722,Bitwolf,39
3d130a0d-7d4b-4222-9fe9-d8e1daccd6cb,2dd9de1c-57c1-4c7f-a252-8d169d742065,Job,18
2f02de3a-1f66-4cf8-9a57-3a140a766e86,0bfa667f-2aec-4a37-aeb1-8177f0c10df8,Veribet,74
f97423ef-4a9b-4c9d-b2f1-0407f1411fe7,8f29ab3f-c3f2-4d17-874c-b027b957af46,Bigtax,72
f1d2fa4e-a91e-4dab-8a49-c3ace11b168f,3dfacf63-66cf-415c-bbb5-28f61614bd69,Voltsillam,89
5f307290-2c8a-4c1c-ba35-968c4f6e598e,17cc21c8-6190-436f-ae0c-68616b2fcfb7,Daltfresh,22
aadf9444-5a95-42cb-a206-e871bc66416f,8ec1dd87-15a8-4c82-976c-b3f5c90a32e2,Stim,48
235a4b6c-60b6-42a6-add9-17a3db61b58a,b8ea598a-faae-4823-b7d3-5dcbc06efd78,Transcof,35
4e6c9c1b-a3cf-4a8d-9f39-5edb887fa379,4f933f1a-0abc-456c-92a4-ee3b15a96038,Biodex,67
a8d9be0f-4a82-416b-8d14-4d8ee91eb12c,584c9a47-f837-4869-bf3a-ea4cb8d9002d,Redhold,96
b8e38c37-90c5-46be-8064-b4a2b9d86e84,abcca811-46e6-41f7-81ec-5e1ba57ffa55,Zontrax,85
2b4d7326-aebe-46d0-a8fa-83cb6dbc2059,3fc1a5d4-c529-4e57-9bc6-81852ee02986,Konklux,17
5c42805d-21ef-4d5d-821d-0e44e395894d,18b276df-14e0-4c0e-8188-c8c5d1868c44,Tin,31
8186ca88-0e9b-4036-a498-c240a98af9d9,86f028b3-d02a-4d37-a777-dbeed88211c3,Home Ing,74
4deb5b5c-7ec5-4f99-8cc0-4101b7dcd4d9,e981fd14-d735-4b6c-8b4d-d87c03760d16,Zamit,88
e8c32aee-294a-4e57-832c-42074b303934,08f2bc4f-07f5-41f0-b60d-db0745bd5599,Bytecard,72
f524f08a-3aba-44b3-a2d6-9aa6d50b488d,491a5c0c-9dbd-4799-8f63-cbd2fe295070,Treeflex,33
246c333f-6827-475a-902f-b48fc43505e7,78adbe67-4962-4113-be66-a581381cef9c,Pannier,22
9c377731-1496-419a-a466-bf158b586dbf,49804574-78aa-47c2-8a80-c9d8c034383d,Wrapsafe,83
4041fb2e-df61-4c57-939e-ad717c248faf,67b15cd4-2fa3-4410-9d1e-f75b61e4d3af,Prodder,41
e2d83b39-0454-40ee-9c24-e00577161480,619d8e1b-571c-46eb-b2d1-3705169a92bd,Bitwolf,88
3a90a707-f730-4dfa-8fbd-58e7c18a2f11,dc4b4923-eb79-48e2-a519-8bc9a4ded2dc,Matsoft,16
e237e0c6-c370-432a-81a9-33285f9a5502,a25aaf88-7186-433b-b68c-28e98c7b9a5e,Home Ing,73
4ba8325c-a119-4e3a-b9f3-fd14a661cc35,aba14085-1547-46c1-bb4e-848c99afc24b,Zaam-Dox,73
93fdef1a-4d14-4e37-b045-b3789c4e7189,8e353466-af95-4fe8-8010-3b9c1e75e384,Stim,79
e9a08e7c-a78b-4b0e-83e7-d29f5a095736,27d0260b-7013-4c76-aed6-4daf772e47c4,Kanlam,99
3daf9491-c7db-4fbd-8ad4-37b92d38c86b,b278fb86-972b-427e-b55b-e467b1ce6509,Zontrax,96
7f134cd1-8dcb-4d08-8382-d3dc830e3ad1,077952f2-0ead-4fe4-af3c-d038bb3b52ec,Ronstring,31
41b283cf-9a20-4f9d-a8f2-ce808b51dc65,0b5e8f64-a93f-4882-8b5a-3be9cabbc312,Alpha,16
b789e919-5fa1-44fa-81d7-2f033ea7daaa,4216a5fd-f7a2-48e0-9ae6-4ca66d169319,Hatity,61
19994261-1e37-49e0-a2c5-eeb5389eddc9,9890de0a-5a99-4a5c-93e8-eae8198f2033,Lotlux,71
02c12825-b460-4302-b60b-a674dbf972e2,718d01b3-ba66-46c8-a8fc-b0efa260ff19,Kanlam,30
5a9cc62e-d1c1-4a9c-99e1-696085be2aad,695f5e7b-0ce8-4e7a-bbdc-2bbac222cfab,Toughjoyfax,85
78ed8d02-8abd-445b-88bb-1d58baff9d1f,0a5cf17f-b084-4b13-8ff5-d87ee914d0d3,Stringtough,4
365ac807-3e9e-44f3-becd-1026036408c2,3fc6d98d-3ca3-41fd-af93-aeb88220081b,Zaam-Dox,90
d5b71dc1-87a9-4b95-bf54-86436f74fd26,0d78960e-d9ed-49e3-bd45-5e5a0176b443,Bigtax,56
344cd438-252c-43f8-bccd-ea1f941666b2,4e4c70ed-d79a-419a-8f89-f2efe8595474,Solarbreeze,14
e0238e41-87a5-4284-a751-34deeeb2a3cd,d99536d2-4bca-45e3-8f67-51cfbadbbe3e,Tres-Zap,92
b7204e55-b87d-46a2-8834-359f7a1137d0,8c7633a0-8089-4ac2-bb89-464485224362,Lotstring,10
1724f6c0-1fc8-49e8-9882-d35c1eeb497b,571d435c-00ee-4957-892e-b56e1f37ecb6,Home Ing,57
e1199e50-8907-4b81-8258-861b42e1f434,98be170f-3ac5-427e-8a78-c307032c5a20,Hatity,78
1abbc9f2-4100-4d4c-9f44-d88521c65560,3493300d-ce8b-45d0-9199-a87a975a5ab7,Sub-Ex,22
aa8464b9-849c-4b9a-91b3-ac49820beafd,ac4aeb7d-ba1f-4c9d-a2e6-d19212ae602a,Subin,100
257c7ee1-ded0-41f2-86fb-758a648aadb4,162b3434-5192-466d-a5c2-5ee71befa1f8,Voyatouch,72
51c34070-5c3c-45ce-8e49-d2d82771171b,01163cf7-3a63-44a3-b946-4e08b6d93722,Alpha,65
1cff6717-a268-4d27-b23d-07fdef4da25b,80ea4fd9-16cb-4df1-a6dc-32d7fb1a8d02,Biodex,46
c23a3220-2261-4664-8379-0fc04c7c7339,51ff2779-bca6-40a7-a7cf-4c9a33612618,Cardguard,92
8590aac8-20f4-4e0e-baa2-aefe592d4ee1,3540753a-d1d4-4dad-be0e-8f7f663fce52,Toughjoyfax,49
f9602297-b50d-461d-a672-e06a70e1edcf,99be7248-1642-4d52-a611-5f37be4985a1,Toughjoyfax,82
e51485a8-5db3-40ed-a8c1-4cd6c68f3d5c,142c3944-449f-4483-b531-bff45b9f4c06,Daltfresh,32
6614febe-6b95-4d37-843f-445941b112d2,1f0a43b8-0edb-4b36-b9e3-b7fad9b793be,Job,75
12c3e14d-fddf-4ad9-abde-9334c0eb6fea,6ce6a1a6-1a46-4240-983b-7c60b67aaf00,Greenlam,2
f76c92e3-407c-4460-aec2-ad5e061123d4,04ba96a5-fe16-41dd-befa-70421161277a,Voyatouch,29
a70d6304-00cb-414f-9e1d-bc45c75d6336,a8c871bf-9ac9-4034-a6d3-54e27f291964,Regrant,62
62babc1e-450e-44e8-a62f-f9c367051a9a,10082b6c-474a-4b69-82d4-7a44f8baa9d6,Domainer,64
9b7d4875-fb6b-4c30-8df4-ec43ca42580a,27a5bae1-fc0e-4531-a7a5-7f9fc3e5fb72,Keylex,86
6938dd6b-950d-42ca-a16d-8ecfd9475134,bbeebebf-db09-4442-83fc-a48ec82137d1,Zaam-Dox,43
ad18ae34-42bb-49ab-828e-b89cd1a39be1,a5eaf328-fa13-43e8-8cae-b2cca4c2c811,Holdlamis,91
db5ae2a7-fb12-461a-a0db-c4ac30756296,5a03646a-d79e-449c-b211-cd657afdc4a6,Namfix,31
f31302c8-8b2d-43e5-8086-235def13a1e9,89932cbf-3dd9-4226-b0a3-73efea5895a0,Konklux,92
2bda172c-4277-48ce-abb7-62be7cf2ba52,de1fd907-317c-4e20-8161-ad28ef32066e,Zontrax,81
8645ecdb-7c6c-4f05-9b35-6e4d23224581,099c132a-9a6b-4ee7-9328-470a1b860833,Stronghold,36
aacd7bcf-e72f-4883-bc66-225c431f9e09,3dd706db-c5a3-49f8-97bc-fe7fbee24748,Sub-Ex,99
2888cb09-2c77-402e-b464-c7c6f55f0a1b,bf4e1fd0-2d24-42e5-861e-cfaecaff1439,Cardguard,25
3684a5ca-d2f5-4993-8085-51bbf8046ce8,94adaae3-b112-4c67-9c10-d2e69d99650f,Otcom,51
162931ee-106f-4357-8542-dcc4337c071f,e5c9051e-d014-4c0e-877a-57a75d4e0532,Holdlamis,79
81573903-d0da-43a5-bc95-d374c83974ff,a4468e7f-9603-4a7d-bcfc-e60877f5789c,Subin,30
3a7c3bc1-7d3c-4304-9de4-aa6b76cc5357,6e82453f-dfd8-407b-9fea-3a859e31d9ea,Zoolab,55
b5a0e182-5dc0-4c65-b2fd-d309f927a139,421f02d3-f883-4841-a9e4-1a5af0f3382f,Ventosanzap,62
476dce49-4da7-4e56-8c22-275efb113ac3,544c380f-4f17-4371-a271-8add6413f81c,Andalax,82
636fe059-a47f-44f4-8a07-689533c680ab,074661c7-022c-4c53-9e5d-bff310a7d2fb,Alpha,38
e05ff5cd-928e-46a8-bf8a-7e2de9083b06,70a2e97e-afc9-4d86-b9cc-676c4faf9b73,Fix San,20
d642a922-9c59-456b-b839-ae6852b1b09c,2c0489a9-ccf0-40b3-9515-6eea97121444,Bamity,63
9b5dce9d-269b-4674-833f-825ee244b93b,19262a3e-1b9d-4e55-839d-5ed57dcc9502,Home Ing,70
432c6481-fe28-4545-ae97-a90607e85123,fe4bc68e-bb6f-4b00-b207-5da0e2c32161,Konklab,54
968b6c9a-5343-435a-ae6e-f11b01173f18,d6740822-6c81-4762-8948-e4d8f13bd7d2,Aerified,61
399ef623-19fd-4e9a-9a1e-0bd9fd7b6003,8e271038-d8e6-4250-a388-a9e9cbfa75fd,Bitwolf,12
7668ad4c-7b6a-4402-8774-161dbf84f7d1,395f5701-e378-4f16-b8aa-f20813cf41ec,Namfix,61
1ffc0fd8-6bc7-45a5-a1cf-4ae832f5ad36,af47af39-2674-4716-9ed3-a3ff85f13b60,Tres-Zap,44
59f6eb13-00b0-4151-a92f-0989f71f3dda,8699abe6-ed1d-409f-a502-f12beb648a87,Stronghold,88
c384654f-7a81-46b9-af15-de24c5b3d0d9,01314757-c7fa-4f44-97a2-57feece2978d,Namfix,3
9ca5536a-84a9-43e2-b5f4-6cfa1e8e9373,5785f4de-52c5-484c-a5c4-cf47abe1b006,Hatity,60
203ce282-0242-441c-ad1a-f370720f669c,93176a60-ae13-4fce-80e6-45b7f62a091a,Treeflex,5
da078b52-6ab3-419d-9cbd-448f9377751c,ce057789-936a-4001-a875-71b9ca8ebf87,Alpha,33
dbf1c81a-626a-4a20-89df-77e68e39201e,4fad1d0a-8aa8-453f-ae18-af559a5e52f5,Wrapsafe,29
e2223429-aa48-4f82-b6f7-8f93a9c1bf89,3cd629ef-3157-4611-8af8-b72424181304,Sub-Ex,22
34089b89-b428-42c4-97fb-0c32568af646,9146b40e-0a4f-4cd7-8aff-d2fcb822c65a,Viva,47
0fd81e25-9107-496e-adb4-c2f6aeb5daac,e3cef1dd-cb3a-4615-913c-944da7fe4b50,Subin,95
c72cd655-2893-4289-8096-0ac97e7cccb5,83021e58-6f12-4889-b845-e6f94f980f3a,Lotstring,22
7172482d-00a5-44f8-b765-4dbb7b3b7513,c9398172-03e0-49f4-8fbb-9448e725138e,Stringtough,23
351bf804-2543-4cdd-9a16-ffae7a6da333,35aff435-66ad-4307-9ced-94517c522b0a,Span,58
be1f6548-64d0-4e6d-8a92-2f60e2f7b7a5,c0c5cb52-d060-430d-aa42-f715bd8c2ee6,Overhold,60
19135a62-86a7-4dcf-8ae2-d5122b22d67d,03cf743d-21fd-4028-988e-e1e8c96fe2b8,Ronstring,34
fc8838b9-9493-4069-bd58-6f14f20e8978,e1379404-e93a-48f1-9ea2-004f2d42076c,Voyatouch,41
29fb81b9-e669-42a9-8a48-a3e33d7fddc3,965e544b-ffaa-47a4-97dd-8c8ef234b972,Tampflex,20
d37858cb-7f0b-4f59-a2e8-5af572c95959,e62ac395-2d1c-418f-a508-1a1b526199a6,Fintone,93
73205ae2-1b4d-4f31-83e8-a1372e25355b,5cf4d4fe-1211-4ed6-9a78-6659e831035c,Treeflex,24
66de5ffe-aa81-4b87-8c53-fc89b459a4be,454de7cb-8feb-4ac0-969a-3453bb9894d7,Alpha,12
91a108f7-e82e-4182-98e9-59741abe0084,ceea16f6-a881-4247-8d55-314feda43d87,Treeflex,85
37b33295-1f6d-4a93-be5c-7f9456f07f08,1ea31351-308a-40fc-8391-3790f56fc50f,Sonsing,27
38306116-5387-40df-aa3c-4ca906ef0251,693117ae-0e17-4f9a-a9ac-2acd77fa4eae,Bamity,50
4c569ceb-378d-4f06-91d2-a75a669df8e3,b4543a76-43fd-4fb9-b041-fd5b9e7e034d,Bigtax,97
e4e72ac6-b289-4405-98fb-c5f7de8b50e8,43f5dc17-ee51-4285-9fb6-d6a483763723,Tempsoft,52
7e1efd9d-47b3-41ad-a9c8-f5726a698ca1,3361612b-3d6f-4fbe-9934-00a94eb7f68a,Solarbreeze,71
1e44a769-390f-4fb0-b219-5b0453a00f23,2004d71f-2f30-47b3-8257-463fa977585f,Tres-Zap,58
48b85d95-e633-435c-ac65-0e67ba17bab3,6a696553-56a3-4011-a8e2-d8ff2d3b7756,Asoka,41
b13f013e-d23b-4731-b03b-329715c89c59,c4f5db41-736b-4081-ad2e-412e72807996,Subin,17
dc383973-ed2a-46e1-b9eb-57a6fe1b4987,1c4dbce8-413a-42d0-a6d1-03bbb9282e58,Zamit,31
82f432a3-1132-4492-a17a-8b6a2da4ecf3,8159b22e-1bbc-4a9b-85b9-fe5a7b0b4594,Flexidy,54
1d479ef5-77ec-4321-adee-188d33c3a6b4,3ea75460-9f15-4633-9f67-a12c4db40e24,Stronghold,100
3e32f345-094b-4741-b7a8-c149df67f2bd,2e5fe8f5-05a9-41ce-851c-8e77bd7283ac,Trippledex,8
434af45a-d6e3-4bad-915b-3df7ab3250f7,f72b4dd7-646c-400a-bd43-c903718a33a6,Vagram,91
a0c10688-0190-4cd5-8e0a-4549af432209,8f301f07-5ff1-4a84-af4a-00d0b0e8bf0b,Sub-Ex,90
97c28ea9-7368-4f92-b71a-946ff6c9fd7f,d2dad594-19ce-4cfb-8c7d-af5ee638bbbd,Bamity,29
b29ff1b1-7d3c-4ea3-a1bd-a4a0fc0bc8f0,2979615d-d448-4e1a-a70c-48fc5029ea15,Domainer,28
99e985e7-9f58-45f0-92a7-416663518de1,5d8a663f-7723-45ee-bdc2-4fae32587f3d,Stringtough,23
844b4266-a42b-4213-9d03-cb335d434ee1,863a77ab-e88c-4fe3-be03-1f2ea277701c,Vagram,97
aeaf6fea-19df-4cba-8768-84e08c46a5df,3e632fa5-685e-4225-a67e-bf8a12cf06f2,Fintone,29
a68c3cee-8440-47cf-ad04-37de15e8b7b0,3ae08e1a-d525-4145-a041-bcf0a3ec55d0,Biodex,3
fc26ad49-d925-4a67-8540-3eb38979ae06,953f3e08-a0aa-4585-b87b-6e22c7d9d642,Cardguard,72
9a8695b7-7646-4161-9c06-281acb8ffb38,1653aab3-d5f4-4a88-9d80-ffbe878ce1cd,Lotstring,92
b34bc95f-d26e-44d7-939a-5a663492a95c,d3165636-767e-47c6-9f46-3660ce7fbd33,Zamit,88
62ebd1fb-4ae2-4800-ba7c-4c2853184995,238fa8e4-13d9-409c-a7c7-8d47dcfc0ed9,Tin,59
b8f51df4-81b7-43ee-8ec4-1a37af3a3a83,05478624-0bbb-465f-83e7-63320f5fe142,Greenlam,26
e6ebe528-ded9-4da6-9b20-6fe863fa5b8b,88d6ed7e-aac2-4b49-8137-6ee60ca1b33f,Gembucket,81
a047ce44-256a-4932-a975-2f16879a49c7,162299b0-df0c-4ba6-9fba-e23a7a8ecd4d,Domainer,92
40e4e2f1-f641-466a-a6f2-52795d3f94ff,d5b84de6-3fc1-42ee-a7c7-ad99ffb4f681,Pannier,100
b4e3a2ee-18b8-47ed-9df8-a0a265539ab5,64429903-7cb0-4831-9184-dac734f70704,Zaam-Dox,69
8ab9ee9b-796c-4a40-a6eb-c6f8289bd908,10fdead0-3e16-4018-b650-fba5a21802fb,Transcof,83
2217fd91-8df9-4aac-b60b-aa0dc8c61621,511e25af-ce9c-42aa-a9ef-23e635f6fe94,Flexidy,26
599b01ea-362d-4091-a547-7b201f21b31f,94287522-b11b-4751-9162-b0ad24acf071,Greenlam,91
78b6b5af-8e74-46ee-a22c-f119e0f9ceb6,328d297f-9eb8-4ca5-b039-bd08b0b7ede2,Mat Lam Tam,47
93a9fe70-282d-436b-aa59-de673d002a81,90cdaccc-63d6-4e19-9704-75078e43bbea,Namfix,58
7b20e5da-20b2-44f9-afd3-c4adf7a5c2c7,57d5d899-cf76-48f7-bdb3-3c6aca1f67e8,Tampflex,98
8e172468-5d0f-4716-96d1-320e939877ca,a4ef718a-b782-4d5c-8871-32dc7fda2360,Veribet,62
57139f36-78f1-40a5-8bfe-3b558f1bce73,6d086763-199d-4e34-9aca-f281f40b9f9d,Bamity,48
3fbefdbf-d9f1-4e3b-a9dc-056f57f3d053,3a97fd63-fdb6-4835-8bb6-ce64cf8e098b,Andalax,13
944aad1f-f9a7-43f6-b867-759fdf3de5a8,79148847-71d2-472f-928d-177db657d688,Toughjoyfax,49
ee0fb412-250f-4d4b-9a15-6a926e8acda3,04ddadc6-75de-4f64-941d-fedaab0333cd,Domainer,67
79eea503-8b8b-4dc5-8265-59f18835ab50,557e01d5-1fed-456e-9d3d-13ace656b559,Andalax,11
dbcd7696-8311-4ffe-8ee6-e7c4475cef88,d31ecbd4-9011-4262-baec-f0a312e5f23b,Andalax,2
7c141146-d449-4040-b6bb-928a486f2e4c,b3cbed9d-225c-40e7-ac09-cbbd191b2901,Tres-Zap,23
82fa72b4-f3df-4dd2-8da7-a3a9a50a1953,93c9dbb7-031d-4267-a7c5-9fdb883c57f4,Tres-Zap,65
95810ed2-89e6-4784-8c6d-4d210bbf32c9,f832765c-855c-471e-89d7-96670eff62a6,Bamity,92
60f9db30-e250-4297-80ca-71ede76469f8,9f3c55e0-5e67-4085-ba5e-d960ecd0542f,Bitwolf,71
4824cd26-0ec1-4567-8743-fe83b2925dba,e69ca2b5-d5ca-4480-9df9-a5afc7aa42b6,Stronghold,10
50e9946b-5d8c-471f-acd9-9e5f2464b588,be30a2cf-5054-4e78-bba7-84a2c8a34bb3,Namfix,97
6d8349da-a573-41ba-a621-523e0423736c,bd57f786-e9ad-4b62-85c1-392601dde4d3,Tampflex,50
b15b22c2-0edd-4a53-a63d-748614b65336,8e8a361d-c52e-499f-ba2e-cc0e00afe276,Veribet,11
4b9ff7fe-2570-46bf-9e34-ee8a905d1500,c9b39819-db43-428e-90eb-7cd5c5442645,Span,44
9e664b0e-f795-47ab-b72f-165df1cced02,6e53dec3-574e-4cce-ba00-8fb6cdeb3bc9,Zontrax,85
6c19fa5f-ded6-4121-a077-cea92245f34d,6719ca0f-3c29-4cc6-a50b-e719acfca1e2,Zaam-Dox,66
e208fefa-caa3-48ff-b1cb-23e9e90e970c,6306d2d0-d094-45e8-a6fe-9249f5469963,Mat Lam Tam,31
82dfbead-d521-43b5-89da-34c8ec5a1926,9215fae3-37a9-433b-a06b-14888825199c,Fix San,33
b4bcc549-d641-49f5-b97f-91acf98c3412,fa976ef0-4df9-46f6-b68f-464ad24e966b,Zamit,98
f59c9a32-6550-4ed9-b588-fd092878046b,9a1948ee-7ded-4ea7-ac01-bd2ae7e1e9f3,Regrant,18
f8397f14-8450-4913-bfed-410300249614,8cb71696-b65f-42ff-9868-3e4a52766443,Duobam,13
8a885fbe-14ba-4629-9d60-f473f987257d,807480fb-dc92-4e5d-a753-5f8a70efe080,Duobam,54
04a425a7-bba3-4dc7-99a3-8d1801ef7cbd,8fa72950-cc41-41e1-9c86-63a9702851e9,Lotlux,35
66a6448f-56d7-4dd9-be3e-8e45ca34a600,c6964bad-9850-4fba-93ea-59edd4a73035,Cardify,7
7de4b08a-521a-4533-9a8b-a1d43e8a35ce,8d34b195-9133-4286-9eb9-a28154b8eaae,Latlux,32
f7ff608d-ff79-406b-a1bd-50dd1e551136,6bbeffc2-e969-4f6b-921d-7d9f01c13b00,Tempsoft,52
4129e782-2b4f-4792-98bb-23332e3888af,806f8995-d9ad-4267-b342-556fe1ffc2e6,Fintone,33
34c12604-289c-46cd-b886-c63075b08937,93a877d2-9ea0-48e4-a835-e15bffe08e3d,Kanlam,87
074f0ab0-c001-48b9-96f0-a862968f8a0d,df98c7d1-b086-4ef3-b206-6bac14bb830c,Kanlam,100
b4f26fd6-fe7f-40f2-9103-cd37fa42120b,4612eb08-0510-4645-9cba-5b3e36b351ba,Lotlux,41
629214d3-433b-49ee-ba31-471fed6f07ed,548e23bb-2dba-4d84-a42e-2c45346ae693,Otcom,1
253a93ea-c7b5-4a15-8bb4-3109901f0d4f,43a22947-11c2-4ca5-ada5-035bc78910ef,Andalax,98
1f1aa86f-7200-4a25-ae24-f19fcff55907,06622e51-7c8e-452f-b0bd-437feb6c0dc8,Hatity,4
dc8fa3b0-7809-491b-8394-ba7ac7f2efca,c0209a08-d117-42c6-8aeb-94dc3c031df3,Ronstring,41
bc3e8b73-5386-4076-92aa-89218ef0b519,c854fff9-12dd-4b20-8b05-17fcc68e107d,Redhold,21
1e7b59a0-d1e0-437e-b24b-c485aa214955,a3f51b23-7fba-48ea-9b60-75ca2c2ffd19,Konklab,95
ce4ec560-dc3b-4af1-8f2d-e1711a58b4bc,989e1acf-e9ce-43ed-afe1-0cb2981bbb31,Lotstring,71
4eb4eda6-b86a-4164-84de-10b9834b8797,8e177a7b-888d-48b3-9e7e-c3b5f754ecb5,Mat Lam Tam,44
37845ebb-0999-4c16-b77f-db671c77df66,420c07f3-4965-4a17-b060-331d1a31acc2,Flowdesk,99
f2ed019c-ac71-4dce-9300-7e65ff54a4b2,70c75a73-12ab-4a91-9144-c41b3da16462,Treeflex,50
3c5a8853-853a-4e8d-9276-5e1218230c3d,aa6a6ff5-95d9-4e66-a7f9-49e7faa7068f,Prodder,19
d0261211-7e28-4210-a568-00964834833a,d4651c71-29b6-4d39-8161-5939c1dc0307,Tresom,67
20d0d8fa-73eb-4a5c-bc1c-888fb4c0551d,0804f69e-c796-4685-9650-7c66dde84116,Aerified,75
8b79d89b-8564-4082-b444-b3a5a4962140,40e67197-0a0f-4302-9a9f-4f3ee06ac8d7,Matsoft,79
39860f3b-2842-4076-a9e1-4be47d871609,a596b0d5-469d-438d-9b5a-51699c27fa73,Gembucket,68
8d86c76b-6923-4aaf-a486-9b6fccc662e0,6e11e258-eb1e-440d-861f-641bfdc5fd3a,Alpha,17
4f26cff7-a2b3-47af-9599-8c07d023c474,cf4d78d3-2540-41a0-8956-138b91b7d232,Cardify,40
0008afa9-95ed-48fe-a0cd-d27eef4c7606,d472c285-c6b6-45be-b2ef-c95865fe3f11,Hatity,49
79c809c2-95c6-4345-a613-c5a5d01ecedd,b17cbccc-2716-45cd-a7ff-f702c85c332b,Solarbreeze,90
497669b7-e047-4472-940b-8342d4e693c5,4e4faa78-ba1e-48a0-8cfe-bc8bc2d54923,Kanlam,81
58e9ef39-f6eb-4c50-8f4c-c27eb92a1fd2,3e24e31a-db4a-4419-ba33-3ac286190a25,Regrant,96
2984afab-d9b9-4585-a58d-7cea56776987,af1ce1eb-e884-40e8-bb50-e6f2f4ee7bf7,Ronstring,15
1fe9f9de-c37c-414b-947c-8e32539d526e,fd7bb460-6c71-4fb0-8b5a-d09170ad953e,Overhold,53
48163ecf-8110-4219-85fe-7ad80b9b50ec,ab58a1ca-bb53-4cc5-99fe-831c87d5a16e,Matsoft,99
19dc1d01-f833-4b10-a766-b637b5cdd33b,614f0d31-24dd-4ead-8e8a-d1aa961da100,Cardguard,49
62f0876f-fe8e-4386-8426-c2dc2930d283,cd7577a3-dbb7-4267-a95d-1ae2b0723def,Overhold,63
b605a3aa-7d8b-4375-96d9-89ed4c3e3dbe,65aee1d3-28fe-481c-ae35-17346acbfa69,Hatity,57
2654e9d9-a620-44e7-a99d-bd8502d5d829,edaabf09-254f-4f46-ba42-254f0f900b66,Sonair,12
82e67b0a-029d-40fe-8565-b6fdf041a759,3fb4c3fc-f926-43fa-9a98-4e4b14d0b55e,Voltsillam,19
f8bce967-367e-4ff0-a4de-ac7eddb2edd4,6e9d8fb9-457a-4995-8b5d-bef2a0936dc5,Lotstring,99
5740b9d8-37bd-4a7b-9c33-68246b39ab57,eb54319a-cea9-439c-bb17-a3db514879a4,Voltsillam,20
85696861-4b2b-45da-86c3-ab4b47eb0475,a01a7da3-a712-46cc-be77-f8fe3785d807,Asoka,35
2988f49f-5fc8-452c-ab31-edef3eeedf29,664c622c-51bd-4cda-99d5-136e3f0275f4,Fintone,49
ee693b99-734f-4ee2-8de5-fc300e85c42f,1c35de9f-47f9-44ce-9c17-8b5cc24e00e1,Cardify,78
b8764c6e-7519-442d-884c-bc8c7cfe84f8,b847d8e3-8d96-47ae-a034-fbd13ea8ba93,Voyatouch,56
da6080b9-7f12-4e89-a6dd-eaac93148891,64799d01-17ed-4c4e-a5ee-580df5343712,Daltfresh,39
56bb189d-e5a7-4a9c-ae58-9bfcaa82a1eb,a9ecfc78-e5e3-4cfc-8b40-fa0c57a7fe3d,Y-Solowarm,72
38b556a7-a690-4e6f-bc23-95491af31b16,5a04f149-260c-468c-be9d-9869d8a4c61b,Solarbreeze,94
c676db32-bc6c-42ec-8756-0433cdc63570,f1954e6c-395a-4133-a74a-d0e720455843,Regrant,9
e1f98514-2002-46cb-a740-9a2b00ada87e,5e9de3f9-4253-4537-b162-89304b98d848,Zoolab,65
d48d05dc-308b-4b1a-986c-ab720686eadb,06de9afd-5e37-41a3-ac4a-e1e5689550e9,Domainer,9
1bf2c9e0-fbc9-4292-9ba3-27ac517641c3,ef425a48-3b00-4241-aec4-672475d499ff,Bigtax,25
74f18fd9-eddf-4f79-b89d-f91e7b0d89d3,a14d266c-5d1f-46a0-8a3e-e73910efa8c9,Sonair,17
b70e58f4-6ee7-48bf-9663-fdf9e4a7c3b9,0d38f400-2409-44b6-9723-d7ff84d817c3,Trippledex,42
020392bc-652d-4455-af66-aed99c3d6f58,457eca7f-cd5e-4122-a110-2ac2c26c2f76,Zathin,55
85d648e7-644e-4c5d-88ea-2ced146f0fdf,2f63f80a-9ca7-44ef-bc6e-fb2c1365bd1a,Andalax,79
aba7c76e-d5be-4ee7-9809-75a1102ec737,d671675e-e07a-488b-870c-988663504baf,Tin,84
41e690c8-dea5-4827-854f-acb822e58817,99a98fb2-317d-478c-be98-28e8e5d7d13f,Span,50
d89d2ddb-b989-43c4-9ba4-e88d797657bf,89f466b0-baaf-403a-a0b3-14e5cec1dae7,Opela,96
150cbf59-2c50-411f-9d13-0b3a09736f9b,1a4afe70-591f-4efe-a0d9-925871215c73,Lotlux,53
d0dca24c-718e-44f3-85c0-4cac524d94e9,a73e7fac-6bed-42d1-ac87-bf5d994ac371,Fixflex,7
17846483-94c2-4fd6-8a80-b009c774cb16,8ece6efe-1ad2-4293-bb95-16dad057e11f,Otcom,73
c29dfd41-2c21-49fa-ab06-d598ec969423,bec9720b-bbe3-4fa1-9f28-455de19e155d,Zathin,93
1117977d-6ff8-439c-ac69-a5a405ad1fb3,b0913fd1-64c7-4bb0-8364-28e6bb5754d2,Tresom,30
f440d0fa-8ab0-41c7-9888-53f8e9fe9de9,445511ad-dd7c-4b94-a3cc-d623836baf9b,Tempsoft,18
6cffcfb8-0855-46fd-8065-3fce3631fbdc,0ea290d1-85c6-4053-a61e-05faaac34e4c,Otcom,100
4a853e29-2617-4684-9494-ac2fbaad67af,1e1e3d31-c840-4844-abca-626b3f5253e0,Konklab,50
6b8b9a72-5e9c-48e2-90b3-f96bf738da0a,78875f9d-9b81-4663-b3bb-d17bb0b5730e,Rank,83
6564b216-2a95-4f36-af7f-9797f9b077da,07a40d5d-c0a1-49dc-99ca-3bdfdd363ba1,Otcom,59
40a4bd08-6cc1-4470-b8ad-ab0d702caf49,83a3467b-2458-4489-add2-c1b43d025436,Cookley,59
97c550b1-978d-47eb-94c3-73431d2130ea,1b735d4f-2894-4cd3-be69-87674fdc1195,Andalax,94
3cc1273b-8c41-4ebd-aee8-510dc67baf5b,cd209e55-1a02-4ce8-b27b-91a77d69fd6d,Y-Solowarm,44
571646f8-a4dc-4149-87aa-bf2e95818004,c5676885-0126-4fed-9900-563a2d62191b,Solarbreeze,78
1eb0dd7a-2324-4bea-800a-1cf6664a2dc6,85e1c0d2-cc85-4d54-ba4e-a95cca41aa3a,Bitwolf,14
d36acf22-0864-4c56-9991-d64a322ec99b,e940f8f5-abdd-4420-a36f-48a967efb11b,Biodex,94
69dff95c-d12e-4ad1-846e-af9f7521fa7f,8834288a-0c28-4298-957b-139521fa7709,Konklab,65
bf102fce-38e0-478f-9598-c62dcf7b72a8,b300301b-0d45-4e6c-87da-c2dc1fed9bad,Tresom,55
e84f0d38-db09-4d76-8ad5-75c31cf7882e,e6118362-05d3-41a6-aab8-63e80fa4ee1b,Treeflex,53
81a2a570-6f45-424d-bea5-9c0e1b102491,2a1c7e54-2023-43a5-9a44-f8b7d9458aba,Sonair,49
28926333-3813-4e25-87da-1b5d26818fc1,722389c5-1f27-4c30-b285-f885f44bcfed,Prodder,11
2250ffa2-4c86-4840-ad5c-a5b933ddab83,c74ff7cc-3bbf-48b7-b35f-ca80234d0785,Flowdesk,17
5293ed62-61cc-4ecf-ae2f-e094f437c52d,f258e6dd-9540-448b-b0be-006e42285d5a,Mat Lam Tam,36
352b25e5-c0cd-4145-b2c0-28065bb12be4,e4075e80-582e-4596-9dab-a1ea8a9667fc,Job,92
f6073018-ad2d-4606-a641-1b5735975d2f,889fbc82-d5c7-4506-a32c-6f2e43ebbaf0,Y-find,85
01d05945-dd25-4ca2-bf42-7b1823e948fa,6d42c2c4-7b98-4df5-a86d-fbad1ecee1d2,Transcof,9
da1f7f39-4d2e-4c5a-8601-f096d2a10e40,6624debd-acef-44af-b545-a285c19b3117,Voltsillam,28
d6932258-2ca3-4870-9fd2-f81bc42dab3a,050b9536-dc31-45fd-9fcd-2775223a67bb,Bytecard,89
0964a5e2-4c2f-4366-aa55-25967b12f658,2d6b1271-f9dc-4b8d-ab96-4ddbf9d3f205,Sonsing,33
319843af-ddc3-4042-9b65-2511d479a8c4,18b73918-0510-498a-afb3-e3f3b84a16df,Rank,98
487840e6-ee61-4ab5-bce0-d3245f6a81e7,01420ae5-43b2-4422-a0b9-69c5b5f92f7b,Veribet,13
8923799d-479c-4896-b499-5f71811adbea,72cc47d4-a54b-4783-8f11-717f4c3db7af,Hatity,61
53baf7f0-085a-4ec3-8980-769eca7fce69,a0bb54ed-14cc-4818-b938-88d1e92ce18f,Greenlam,5
31ced822-5d3e-4c0a-a769-704793d2f326,fa1ff3ac-c2c8-400d-b5ca-69a7075fa366,Zamit,93
bcbde0d7-196d-4773-a113-174f0a925e4c,72ad06ba-e5fd-4726-9559-aa3f7d3c8d3d,Biodex,57
3ce736b4-84e4-4445-831a-b1c717ccb2e6,6be505ea-9c95-450a-a83a-f201048c3d51,Tin,92
cb9573ec-f64e-4348-8328-43194084bc57,b8a80f95-99fc-440c-846f-21a1acb2711f,Kanlam,45
cba5c0ba-a784-4f79-9a88-13f7a6a932f3,400bf8bc-7396-43d8-912c-445cd88e99ef,Hatity,87
bf4269cc-b27e-4913-9e3b-f378e154b034,ea9f915c-4b64-49f8-a6bc-7727efe191aa,Konklab,55
efe45537-aedf-4bc7-a597-cdb786b9373c,8ea9853d-3d3c-46c6-baac-399e2263699e,Konklux,64
e6707185-7869-4998-86a1-354db0428413,e7aeebc9-64e9-4aab-88e1-df7444419ace,Flexidy,59
f6becea2-30e6-4fa3-b78f-941c9b2378ff,5f40a05b-6dee-4535-891c-21c410c309dc,Gembucket,48
376f25fa-ce68-4bae-af7b-9991afd8743d,4a3f2a54-6e37-4099-b3c2-82f7c6eb5b00,Rank,66
9b7b82f7-1b4a-413b-9988-9441b9c9d734,57728b78-8676-4fc2-baf0-f70e8032afa4,Sub-Ex,5
6f597d3e-b162-4341-b8c8-1f5a21e4ded2,529a83a4-4273-4ecc-b526-89b0991b489e,Tin,67
10f3311d-c80d-4928-a147-3be33df3e1ac,3ebf1724-8c12-4894-9519-32213b86a973,Biodex,99
5a8031e8-7067-49d3-b725-652575e885ea,98d28454-b594-4a66-90ce-63e5dc9590a6,Job,56
1b09441a-053e-4db2-a2c3-43285704aa14,ac828b30-97af-4d73-bb4d-daa9b9d1008b,Gembucket,13
3a3b11e7-5163-423e-b3d1-dbff63b208d7,52fb1ed7-e0e8-411c-b7ea-2755411720af,Cardify,10
b34e9911-64ac-45d4-bcdb-46a9ced6ac1d,134c34a6-1670-4dd4-9ed9-b0b40af58c8d,Bitchip,88
7a522121-951f-49f2-9623-a0d250422f8a,55237bfa-951c-4e68-8e89-d8c123b97d15,Alpha,46
1bc4ae33-cfd4-4c9e-b11a-1bdbd5646925,1d56c4bb-034b-456b-b9fe-2aaa3393553d,Prodder,22
8d67abec-3eb4-4f16-adc0-ac72b8077e5b,9692aba4-0c56-414f-9aea-d20f0b2e4225,Lotstring,98
5aa4ac44-1edd-4121-a5c9-f5aecb335974,92c6c234-eaf4-4752-8c94-c7af148252b3,Temp,32
2a403f7c-fb09-4673-a42c-d580160af31a,1974d774-d684-4cd7-8dcd-ac5681be0cd1,Y-Solowarm,64
753ede2f-e2ce-4477-a148-5c7454e7a421,53d56003-0e08-4a50-9f4d-1ae299ee2e3e,Duobam,89
072d105c-403d-43c0-87dd-49e91d9d44a5,97ece6dd-05a9-4452-9939-6bf3e0f60aa3,Rank,62
b9b657c6-9422-4459-8553-aa19311bc508,64c5242d-fbdf-4cbb-8b22-13f2b29eb7d2,Cardguard,100
42ba20f9-65e3-439f-ba43-91216f2fea53,910e7b9c-2c5e-4c83-944e-822833dc9a54,Cardguard,9
60109264-7a4a-4056-97c2-2fe541fdfe28,88708937-6740-4b3a-8f16-facaf274480b,Lotlux,48
9e48aa25-85d6-4f5d-9fcb-1450b81b7487,318762ab-08d2-4e96-ae37-7fc3f35235e6,Home Ing,6
9d99dc43-c8dc-4fe3-9cc0-0ffa37f84e41,5a584d03-6226-434c-851b-556739a576ee,Aerified,21
3a744bb8-1844-4cc1-a906-4a1b56356849,dff5dac8-41c7-4203-ae2b-66413e95c8f4,Bitwolf,38
9c7bf805-b3b5-43c0-8d38-acb2283b4330,6f93db04-8d52-4199-96f2-5acc64d643c9,Fix San,86
0557ae11-fa10-47dc-b68f-1affbedb6f93,88f097fe-4024-421f-a770-1ba53f79acc8,Biodex,67
3fe025b3-2eba-42ea-8446-f16a63d6940c,658a9d70-fc6f-476e-9a33-7cb86665ea47,Latlux,96
1516e948-35db-4c58-958d-dd4bd8f88494,8edec8a6-803a-4b45-b335-9d729583fdd1,Bytecard,83
ae58d539-383c-4895-aa05-4d8265cef3e9,c596d250-3d2c-4807-aff9-3e253a407bcf,Domainer,29
d04f3d94-6b31-42fa-97ab-fc8623fd5007,c060f24e-c5c4-4ed5-b035-b4876d49f983,Daltfresh,36
e84daee7-d979-4559-b172-509a5acd69ea,7479d8c9-1e0e-4ad7-ad74-961cb3c4d13e,Keylex,4
05157084-4ffc-4351-a303-c0035b2e616d,7192ef8d-b3cf-4ec2-953e-90f901b9a587,Ventosanzap,15
266203e1-25d7-49d5-89e9-9b8183b92713,613e6689-dfa1-4f13-9032-fec9d19686b4,Aerified,76
416540da-f166-4235-9f9c-87a5d1da4a61,4d7a53f3-9640-4162-b864-deb7aa8c31b7,Greenlam,33
66f9eaf8-ab01-47f7-a788-c6851ffc7054,89af1b35-bd77-42b2-be91-316a6952fa62,Flowdesk,19
80f212f3-14fa-4e36-8464-884aad2bf6f7,34ff5394-98db-454b-9fd4-110d5714bf84,Opela,93
f9783678-b883-4630-a197-ff896134ce93,971e8566-0f1e-4324-9dee-7ae46a72257b,Y-Solowarm,25
e59efd87-e617-4161-9a68-1292e5d8d897,1fcc106a-5c62-4f5d-bb39-529ecc2f7f1c,Fix San,100
b66ddcba-5553-43a4-bf01-96e5c62f7db1,bbba2ec0-0afa-4c6e-9036-b0e86e4cf8ee,Solarbreeze,11
10a6a9dc-c93c-4c86-9069-6ae9377dabea,ec808ae1-981e-400a-a52b-c44068324104,Temp,43
